feeder,substation,date,housing_units_count,industry_and_commerce_count,storage_heaters_kW,heat_pumps_kW,electric_heaters_kW,hot_water_tanks_kW,flow-type_heaters_kW,EV_chargers_kW,public_lighting_kW,other_consumers_kW,batteries_kW,PV_systems_kW,chp_kW,g0_general_kWh,g1_workdays_kWh,g2_evening_kWh,g3_continuous_kWh,g4_shop_hairdresser_kWh,g5_bakery_kWh,g6_weekend_kWh
1,1,2023-04-01,70,11,144.4,2.1,28.8,6.0,42.0,0.0,10.0,254.5,0.0,0.0,10.8,0.048012,3.082029,8.003643,0.0,0.356536,0.0,0.0
1,1,2023-08-24,70,11,144.4,2.1,28.8,6.0,42.0,0.0,10.0,254.5,0.0,0.0,10.8,0.048012,3.074589,8.003643,0.0,0.356536,0.0,0.0
1,1,2023-08-28,70,11,144.4,2.1,28.8,6.0,42.0,0.0,10.0,254.5,0.0,0.0,10.8,0.017759,3.074589,8.003643,0.0,0.366525,0.0,0.0
1,1,2023-08-30,70,11,144.4,2.1,28.8,6.0,42.0,0.0,10.0,254.5,0.0,0.0,10.8,0.017759,3.074589,8.003643,0.0,0.389885,0.0,0.0
1,1,2023-09-05,70,11,144.4,2.1,28.8,6.0,42.0,0.0,10.0,254.5,0.0,0.0,10.8,0.017759,3.134961,8.003643,0.0,0.389885,0.0,0.0
1,1,2023-09-09,70,11,144.4,2.1,28.8,6.0,42.0,0.0,10.0,254.5,0.0,0.0,10.8,0.017759,3.134961,10.697487,0.0,0.389885,0.0,0.0
1,1,2023-09-20,70,11,144.4,2.1,28.8,6.0,42.0,0.0,10.0,254.5,0.0,0.0,10.8,0.017759,3.134961,10.880233,0.0,0.389885,0.0,0.0
1,1,2023-12-13,70,11,144.4,2.1,28.8,6.0,42.0,0.0,10.0,254.5,0.0,0.0,10.8,0.017759,3.198043,10.880233,0.0,0.389885,0.0,0.0
1,1,2024-01-01,70,11,144.4,2.1,28.8,6.0,42.0,0.0,10.0,254.5,0.0,0.0,10.8,0.017759,2.854781,10.880233,0.0,0.389885,0.0,0.0
1,1,2024-01-31,72,11,144.4,2.1,28.8,6.0,42.0,0.0,10.0,254.5,0.0,0.0,10.8,0.017759,2.854781,10.880233,0.0,0.389885,0.0,0.0
1,1,2024-06-18,72,11,144.4,2.1,28.8,6.0,42.0,0.0,10.0,254.5,0.0,20.0,10.8,0.017759,2.854781,10.880233,0.0,0.389885,0.0,0.0
1,1,2024-06-20,72,11,144.4,2.1,28.8,6.0,42.0,0.0,10.0,254.5,0.0,20.0,10.8,0.017759,2.854781,13.6068,0.0,0.389885,0.0,0.0
1,1,2024-06-27,73,11,144.4,2.1,28.8,6.0,42.0,0.0,10.0,254.5,0.0,20.0,10.8,0.017759,2.854781,13.6068,0.0,0.389885,0.0,0.0
1,1,2024-07-17,73,11,144.4,2.1,28.8,6.0,42.0,0.0,10.0,254.5,0.0,20.0,10.8,0.017759,2.854781,13.247545,0.0,0.389885,0.0,0.0
1,1,2024-08-01,73,11,144.4,2.1,28.8,6.0,42.0,0.0,10.0,254.5,0.0,20.0,10.8,0.017759,2.854781,12.429283,0.0,0.389885,0.0,0.0
1,1,2024-08-05,73,11,144.4,2.1,28.8,6.0,42.0,0.0,10.0,254.5,0.0,20.0,10.8,0.017395,2.854781,12.429283,0.0,0.389885,0.0,0.0
1,1,2024-10-01,73,11,144.4,2.1,28.8,6.0,42.0,0.0,10.0,254.5,0.0,20.0,10.8,0.017395,2.854781,9.715752,0.0,0.389885,0.0,0.0
1,1,2024-11-06,73,11,144.4,2.1,28.8,6.0,42.0,11.0,10.0,254.5,0.0,20.0,10.8,0.017395,2.854781,9.715752,0.0,0.389885,0.0,0.0
2,2,2023-04-01,22,1,37.6,36.43,11.5,5.0,0.0,11.0,0.0,0.0,23.6,74.967,0.0,0.0,0.07332,0.0,0.0,0.0,0.0,0.0
2,2,2023-08-10,22,1,37.6,36.43,11.5,5.0,0.0,11.0,0.0,0.0,23.6,74.967,0.0,0.0,0.101655,0.0,0.0,0.0,0.0,0.0
2,2,2024-05-18,22,1,37.6,36.43,11.5,5.0,0.0,11.0,0.0,0.0,23.6,74.967,0.0,0.0,0.085938,0.0,0.0,0.0,0.0,0.0
2,2,2024-06-06,22,1,37.6,36.43,11.5,5.0,0.0,11.0,0.0,0.0,28.6,89.567,0.0,0.0,0.085938,0.0,0.0,0.0,0.0,0.0
3,3,2023-04-01,68,0,21.0,0.0,0.0,12.0,0.0,0.0,0.5,0.0,0.0,29.4,0.0,0.0,0.0,0.0,0.0,0.0,0.0,0.0
3,3,2025-03-17,70,0,21.0,12.0,0.0,12.0,0.0,0.0,0.5,0.0,0.0,29.4,0.0,0.0,0.0,0.0,0.0,0.0,0.0,0.0
4,4,2023-04-01,28,4,14.0,13.0,2.0,6.0,0.0,11.0,0.0,0.0,6.57,14.8,0.0,0.0,0.818322,0.0,0.0,0.320842,0.0,0.0
4,4,2023-04-12,28,4,14.0,13.0,2.0,6.0,0.0,11.0,0.0,0.0,6.57,14.8,0.0,0.0,0.819997,0.0,0.0,0.320842,0.0,0.0
4,4,2023-06-30,28,4,14.0,13.0,2.0,6.0,0.0,11.0,0.0,0.0,13.57,19.9,0.0,0.0,0.819997,0.0,0.0,0.320842,0.0,0.0
4,4,2023-09-04,28,4,14.0,13.0,2.0,6.0,0.0,11.0,0.0,0.0,13.57,49.42,0.0,0.0,0.819997,0.0,0.0,0.320842,0.0,0.0
4,4,2023-09-12,28,4,14.0,13.0,2.0,6.0,0.0,11.0,0.0,0.0,13.57,49.42,0.0,0.0,0.819997,0.0,0.0,0.320575,0.0,0.0
4,4,2023-10-27,28,4,14.0,13.0,2.0,6.0,0.0,11.0,0.0,0.0,13.57,60.7,0.0,0.0,0.819997,0.0,0.0,0.320575,0.0,0.0
4,4,2023-11-16,28,4,14.0,13.0,2.0,6.0,0.0,11.0,0.0,0.0,13.57,65.7,0.0,0.0,0.819997,0.0,0.0,0.320575,0.0,0.0
4,4,2024-01-07,28,4,14.0,13.0,2.0,6.0,0.0,11.0,0.0,0.0,13.57,65.7,0.0,0.0,0.819997,0.0,0.0,0.300466,0.0,0.0
4,4,2024-02-24,28,4,14.0,13.0,2.0,6.0,0.0,11.0,0.0,0.0,13.57,65.7,0.0,0.0,0.541623,0.0,0.0,0.300466,0.0,0.0
4,4,2024-07-16,28,4,14.0,13.0,2.0,6.0,0.0,22.0,0.0,0.0,13.57,65.7,0.0,0.0,0.541623,0.0,0.0,0.300466,0.0,0.0
4,4,2025-03-20,28,4,14.0,17.0,2.0,6.0,0.0,22.0,0.0,0.0,13.57,65.7,0.0,0.0,0.541623,0.0,0.0,0.300466,0.0,0.0
5,5,2023-04-01,62,0,0.0,0.0,0.0,0.0,0.0,0.0,0.0,4.0,0.0,0.0,0.0,0.0,0.0,0.0,0.0,0.0,0.0,0.0
6,6,2023-04-01,40,1,0.0,14.72,0.0,0.0,0.0,55.0,0.0,0.0,20.15,76.935,0.0,0.0,0.0,0.0,0.0,2.92374,0.0,0.0
6,6,2023-06-01,40,1,0.0,14.72,0.0,0.0,0.0,55.0,0.0,0.0,20.15,80.421,0.0,0.0,0.0,0.0,0.0,3.198611,0.0,0.0
6,6,2023-06-16,40,1,0.0,14.72,0.0,0.0,0.0,55.0,0.0,0.0,23.75,80.421,0.0,0.0,0.0,0.0,0.0,3.198611,0.0,0.0
6,6,2023-07-01,40,1,0.0,14.72,0.0,0.0,0.0,55.0,0.0,0.0,23.75,80.421,0.0,0.0,0.0,0.0,0.0,3.021205,0.0,0.0
6,6,2023-12-19,40,1,0.0,14.72,0.0,0.0,0.0,55.0,0.0,0.0,28.75,88.421,0.0,0.0,0.0,0.0,0.0,3.021205,0.0,0.0
6,6,2024-01-09,40,1,0.0,14.72,0.0,0.0,0.0,55.0,0.0,0.0,33.75,105.421,0.0,0.0,0.0,0.0,0.0,3.021205,0.0,0.0
6,6,2024-05-02,40,1,0.0,14.72,0.0,0.0,0.0,55.0,0.0,0.0,36.25,111.421,0.0,0.0,0.0,0.0,0.0,3.021205,0.0,0.0
6,6,2024-05-15,40,1,0.0,14.72,0.0,0.0,0.0,55.0,0.0,0.0,38.75,117.421,0.0,0.0,0.0,0.0,0.0,3.021205,0.0,0.0
7,7,2023-04-01,27,3,43.1,2.89,29.6,11.0,0.0,0.0,0.7,56.0,11.55,46.327,0.0,0.0,0.183183,0.0,0.019349,0.0,0.0,0.0
7,7,2023-04-06,27,3,43.1,2.89,29.6,11.0,0.0,0.0,0.7,56.0,11.55,46.327,0.0,0.0,0.082283,0.0,0.019349,0.0,0.0,0.0
7,7,2023-07-10,27,3,43.1,2.89,29.6,11.0,0.0,0.0,0.7,56.0,16.67,51.127,0.0,0.0,0.082283,0.0,0.019349,0.0,0.0,0.0
7,7,2023-08-22,27,3,43.1,2.89,29.6,11.0,0.0,11.0,0.7,56.0,16.67,51.127,0.0,0.0,0.082283,0.0,0.019349,0.0,0.0,0.0
7,7,2023-08-29,27,3,43.1,2.89,29.6,11.0,0.0,11.0,0.7,56.0,16.67,51.127,0.0,0.0,0.108479,0.0,0.019349,0.0,0.0,0.0
7,7,2023-09-04,27,3,43.1,2.89,29.6,11.0,0.0,11.0,0.7,56.0,19.17,59.127,0.0,0.0,0.108479,0.0,0.019349,0.0,0.0,0.0
7,7,2023-11-04,27,3,43.1,2.89,29.6,11.0,0.0,11.0,0.7,56.0,19.17,59.127,0.0,0.0,0.108479,0.0,0.000173,0.0,0.0,0.0
7,7,2023-12-21,27,3,43.1,2.89,29.6,11.0,0.0,11.0,0.7,56.0,19.17,59.127,0.0,0.0,0.118058,0.0,0.000173,0.0,0.0,0.0
7,7,2024-04-24,27,3,43.1,2.89,29.6,11.0,0.0,11.0,0.7,56.0,19.17,59.127,0.0,0.0,0.248344,0.0,0.000173,0.0,0.0,0.0
7,7,2024-04-29,27,3,43.1,2.89,29.6,11.0,0.0,11.0,0.7,56.0,19.17,60.327,0.0,0.0,0.248344,0.0,0.000173,0.0,0.0,0.0
7,7,2024-07-23,28,4,43.1,2.89,29.6,11.0,0.0,11.0,0.7,56.0,19.17,60.327,0.0,0.0,0.248344,0.0,0.000173,0.0,0.0,0.0
7,7,2024-09-03,28,4,43.1,2.89,29.6,11.0,0.0,11.0,0.7,56.0,19.17,60.327,0.0,0.400538,0.248344,0.0,0.000173,0.0,0.0,0.0
7,7,2024-09-26,29,4,43.1,2.89,29.6,11.0,0.0,11.0,0.7,56.0,19.17,60.327,0.0,0.400538,0.248344,0.0,0.000173,0.0,0.0,0.0
7,7,2025-01-08,29,4,43.1,2.89,29.6,11.0,0.0,22.0,0.7,56.0,19.17,60.327,0.0,0.400538,0.248344,0.0,0.000173,0.0,0.0,0.0
8,8,2023-04-01,61,0,0.0,34.36,0.0,0.0,0.0,33.0,0.0,0.0,18.93,72.696,0.0,0.0,0.0,0.0,0.0,0.0,0.0,0.0
8,8,2023-07-04,61,0,0.0,34.36,0.0,0.0,0.0,44.0,0.0,0.0,18.93,72.696,0.0,0.0,0.0,0.0,0.0,0.0,0.0,0.0
8,8,2023-07-26,61,0,0.0,34.36,0.0,0.0,0.0,44.0,0.0,0.0,23.41,82.536,0.0,0.0,0.0,0.0,0.0,0.0,0.0,0.0
8,8,2023-09-04,61,0,0.0,34.36,0.0,0.0,0.0,44.0,0.0,0.0,23.41,83.136,0.0,0.0,0.0,0.0,0.0,0.0,0.0,0.0
8,8,2023-10-30,61,0,0.0,34.36,0.0,0.0,0.0,44.0,0.0,0.0,29.98,90.926,0.0,0.0,0.0,0.0,0.0,0.0,0.0,0.0
9,9,2023-04-01,72,2,44.5,23.89,9.0,44.1,66.0,88.0,0.0,0.0,22.08,140.292,0.0,0.0,1.342358,0.0,0.0,0.0,0.0,0.0
9,9,2023-05-02,72,2,44.5,23.89,9.0,44.1,66.0,88.0,0.0,0.0,25.92,148.292,0.0,0.0,1.342358,0.0,0.0,0.0,0.0,0.0
9,9,2023-05-24,72,2,44.5,23.89,9.0,44.1,66.0,88.0,0.0,0.0,30.92,148.292,0.0,0.0,1.342358,0.0,0.0,0.0,0.0,0.0
9,9,2023-06-13,72,2,53.5,25.89,9.0,44.1,66.0,88.0,0.0,0.0,30.92,148.292,0.0,0.0,1.342358,0.0,0.0,0.0,0.0,0.0
9,9,2023-07-25,72,2,53.5,25.89,9.0,44.1,66.0,88.0,0.0,0.0,30.92,148.292,0.0,0.0,1.32188,0.0,0.0,0.0,0.0,0.0
9,9,2023-08-08,72,2,53.5,25.89,9.0,44.1,66.0,88.0,0.0,0.0,30.92,148.292,0.0,0.0,1.312061,0.0,0.0,0.0,0.0,0.0
9,9,2023-10-30,72,2,53.5,25.89,9.0,44.1,66.0,88.0,0.0,0.0,37.72,159.292,0.0,0.0,1.312061,0.0,0.0,0.0,0.0,0.0
9,9,2024-07-12,72,2,53.5,25.89,9.0,44.1,66.0,88.0,0.0,0.0,37.72,163.892,0.0,0.0,1.312061,0.0,0.0,0.0,0.0,0.0
9,9,2024-09-25,74,2,53.5,29.29,9.0,48.5,66.0,88.0,0.0,0.0,37.72,163.892,0.0,0.0,1.312061,0.0,0.0,0.0,0.0,0.0
9,9,2024-12-18,74,2,53.5,29.29,9.0,48.5,66.0,88.0,0.0,0.0,37.72,173.892,0.0,0.0,1.312061,0.0,0.0,0.0,0.0,0.0
10,10,2023-04-01,38,0,0.0,0.0,0.0,12.0,0.0,11.0,0.0,0.0,0.0,6.51,0.0,0.0,0.0,0.0,0.0,0.0,0.0,0.0
10,10,2023-11-24,38,0,0.0,0.0,0.0,12.0,0.0,11.0,0.0,0.0,5.76,14.51,0.0,0.0,0.0,0.0,0.0,0.0,0.0,0.0
10,10,2024-03-12,38,0,0.0,0.0,0.0,12.0,0.0,11.0,0.0,0.0,18.19,14.51,0.0,0.0,0.0,0.0,0.0,0.0,0.0,0.0
10,10,2024-11-15,38,0,0.0,7.6,0.0,18.0,0.0,11.0,0.0,0.0,18.19,14.51,0.0,0.0,0.0,0.0,0.0,0.0,0.0,0.0
11,11,2023-04-01,54,0,77.5,5.78,39.99,33.5,138.0,0.0,0.3,2.2,4.55,27.975,0.0,0.0,0.0,0.0,0.0,0.0,0.0,0.0
11,11,2023-04-17,54,0,77.5,5.78,39.99,33.5,138.0,11.0,0.3,2.2,4.55,27.975,0.0,0.0,0.0,0.0,0.0,0.0,0.0,0.0
11,11,2023-04-26,54,0,77.5,5.78,39.99,33.5,138.0,11.0,0.3,2.2,7.05,32.975,0.0,0.0,0.0,0.0,0.0,0.0,0.0,0.0
11,11,2024-01-10,54,0,77.5,5.78,39.99,33.5,138.0,11.0,0.3,2.2,7.05,37.975,0.0,0.0,0.0,0.0,0.0,0.0,0.0,0.0
11,11,2024-02-15,54,0,77.5,5.78,39.99,33.5,138.0,11.0,0.3,2.2,7.05,47.435,0.0,0.0,0.0,0.0,0.0,0.0,0.0,0.0
11,11,2024-03-23,54,0,77.5,12.28,39.99,33.5,138.0,11.0,0.3,2.2,7.05,47.435,0.0,0.0,0.0,0.0,0.0,0.0,0.0,0.0
11,11,2024-06-03,54,0,77.5,12.28,39.99,33.5,138.0,11.0,0.3,2.2,10.55,47.435,0.0,0.0,0.0,0.0,0.0,0.0,0.0,0.0
11,11,2024-09-16,54,0,77.5,12.28,39.99,33.5,138.0,11.0,0.3,2.2,15.04,52.715,0.0,0.0,0.0,0.0,0.0,0.0,0.0,0.0
11,11,2024-11-19,54,0,77.5,12.28,39.99,33.5,138.0,11.0,0.3,2.2,24.74,68.715,0.0,0.0,0.0,0.0,0.0,0.0,0.0,0.0
11,11,2024-11-22,54,0,77.5,12.28,39.99,33.5,138.0,22.0,0.3,2.2,24.74,68.715,0.0,0.0,0.0,0.0,0.0,0.0,0.0,0.0
12,12,2023-04-01,47,1,160.0,7.4,32.8,12.0,48.0,0.0,0.0,0.0,0.0,9.2,0.0,0.0,0.201852,0.0,0.0,0.0,0.0,0.0
12,12,2023-06-30,47,1,160.0,7.4,32.8,12.0,48.0,0.0,0.0,0.0,0.0,15.575,0.0,0.0,0.201852,0.0,0.0,0.0,0.0,0.0
12,12,2024-02-22,47,1,160.0,7.4,32.8,12.0,48.0,0.0,0.0,0.0,0.0,15.575,0.0,0.0,0.204155,0.0,0.0,0.0,0.0,0.0
12,12,2024-08-05,47,1,160.0,12.4,32.8,12.0,48.0,0.0,0.0,0.0,0.0,15.575,0.0,0.0,0.204155,0.0,0.0,0.0,0.0,0.0
12,12,2024-09-02,47,1,160.0,12.4,32.8,12.0,48.0,0.0,0.0,0.0,8.0,23.405,0.0,0.0,0.204155,0.0,0.0,0.0,0.0,0.0
13,13,2023-04-01,21,6,0.0,9.72,18.0,0.0,24.0,0.0,0.0,0.0,0.0,0.0,0.0,0.369354,3.082042,0.0,0.0,0.450114,0.0,0.0
13,13,2023-12-30,21,6,0.0,9.72,18.0,0.0,24.0,0.0,0.0,0.0,0.0,0.0,0.0,0.369354,3.092181,0.0,0.0,0.450114,0.0,0.0
13,13,2024-01-05,21,6,0.0,9.72,18.0,0.0,24.0,0.0,0.0,0.0,0.0,0.0,0.0,0.369354,3.135533,0.0,0.0,0.450114,0.0,0.0
13,13,2024-01-06,21,6,0.0,9.72,18.0,0.0,24.0,0.0,0.0,0.0,0.0,0.0,0.0,0.409191,3.135533,0.0,0.0,0.450114,0.0,0.0
13,13,2024-01-17,21,6,0.0,9.72,18.0,0.0,24.0,0.0,0.0,0.0,0.0,0.0,0.0,0.409191,3.210167,0.0,0.0,0.450114,0.0,0.0
13,13,2024-01-19,21,6,0.0,9.72,18.0,0.0,24.0,0.0,0.0,0.0,0.0,0.0,0.0,0.409191,3.210167,0.0,0.0,0.405962,0.0,0.0
13,13,2024-02-01,21,6,0.0,9.72,18.0,0.0,24.0,0.0,0.0,0.0,0.0,0.0,0.0,0.409191,2.475319,0.0,0.0,0.405962,0.0,0.0
13,13,2024-02-02,21,6,0.0,9.72,18.0,0.0,24.0,0.0,0.0,0.0,0.0,0.0,0.0,0.409191,3.239879,0.0,0.0,0.405962,0.0,0.0
14,13,2023-04-01,75,2,5.0,4.0,6.0,2.0,66.0,66.0,0.0,0.0,0.0,0.75,0.0,0.0,0.365017,0.0,0.0,0.0,0.0,0.0
14,13,2023-07-04,83,2,5.0,4.0,6.0,2.0,66.0,66.0,0.0,0.0,0.0,0.75,0.0,0.0,0.365017,0.0,0.0,0.0,0.0,0.0
14,13,2023-12-08,83,2,5.0,19.9,6.0,20.0,66.0,66.0,0.0,0.0,0.0,0.75,0.0,0.0,0.365017,0.0,0.0,0.0,0.0,0.0
14,13,2023-12-23,83,2,5.0,19.9,6.0,20.0,66.0,66.0,0.0,0.0,0.0,0.75,0.0,0.0,0.387178,0.0,0.0,0.0,0.0,0.0
14,13,2023-12-28,83,2,5.0,19.9,6.0,20.0,66.0,66.0,0.0,0.0,0.0,0.75,0.0,0.0,0.373362,0.0,0.0,0.0,0.0,0.0
14,13,2024-04-01,83,2,5.0,19.9,6.0,20.0,66.0,66.0,0.0,0.0,0.0,0.75,0.0,0.0,0.34296,0.0,0.0,0.0,0.0,0.0
14,13,2024-05-07,87,2,5.0,19.9,6.0,20.0,66.0,66.0,0.0,0.0,0.0,0.75,0.0,0.0,0.34296,0.0,0.0,0.0,0.0,0.0
14,13,2024-06-17,87,2,14.0,35.8,6.0,33.5,66.0,66.0,0.0,0.0,0.0,0.75,0.0,0.0,0.34296,0.0,0.0,0.0,0.0,0.0
15,14,2023-04-01,39,7,0.0,18.0,6.0,8.0,77.0,0.0,3.9,20.2,0.0,0.0,0.0,0.584382,0.18908,0.0,0.0,1.935831,0.0,0.480889
15,14,2023-10-18,39,7,0.0,18.0,6.0,8.0,77.0,0.0,3.9,20.2,0.0,0.0,0.0,0.584382,0.18908,0.0,0.0,1.935831,0.0,0.224008
15,14,2023-10-25,39,7,0.0,18.0,6.0,8.0,77.0,0.0,3.9,20.2,0.0,0.0,0.0,0.584382,0.146214,0.0,0.0,1.935831,0.0,0.224008
15,14,2023-12-04,39,7,0.0,18.0,6.0,8.0,77.0,0.0,3.9,20.2,0.0,0.0,0.0,0.584382,0.148902,0.0,0.0,1.935831,0.0,0.224008
15,14,2024-02-06,39,7,0.0,18.0,6.0,8.0,77.0,0.0,3.9,20.2,0.0,0.0,0.0,0.584382,0.148902,0.0,0.0,1.764965,0.0,0.224008
15,14,2024-02-07,39,7,0.0,18.0,6.0,8.0,77.0,0.0,3.9,20.2,0.0,0.0,0.0,0.502783,0.148902,0.0,0.0,1.764965,0.0,0.224008
15,14,2024-02-09,39,7,0.0,18.0,6.0,8.0,77.0,0.0,3.9,20.2,0.0,0.0,0.0,0.502783,0.150627,0.0,0.0,1.764965,0.0,0.224008
15,14,2024-02-10,39,7,0.0,18.0,6.0,8.0,77.0,0.0,3.9,20.2,0.0,0.0,0.0,0.502783,0.150627,0.0,0.0,1.76351,0.0,0.224008
15,14,2024-02-18,39,7,0.0,18.0,6.0,8.0,77.0,0.0,3.9,20.2,0.0,0.0,0.0,0.516531,0.150627,0.0,0.0,1.76351,0.0,0.224008
15,14,2024-03-30,39,7,0.0,18.0,6.0,8.0,77.0,0.0,3.9,20.2,0.0,0.0,0.0,0.516531,0.150627,0.0,0.0,1.690265,0.0,0.224008
16,15,2023-04-01,10,4,77.2,2.8,100.28,18.0,0.0,0.0,6.3,218.8,0.0,26.3,0.0,0.0,0.296575,0.0,0.0,0.0,0.0,0.0
16,15,2024-01-01,10,4,77.2,2.8,100.28,18.0,0.0,0.0,6.3,218.8,0.0,26.3,0.0,0.0,0.290528,0.0,0.0,0.0,0.0,0.0
17,16,2023-04-01,77,9,33.0,5.8,37.7,3.0,21.0,0.0,6.3,83.0,0.0,14.6,0.0,0.0,0.43465,0.0,0.0,11.222356,0.385216,0.0
17,16,2023-04-15,77,9,33.0,5.8,37.7,3.0,21.0,0.0,6.3,83.0,0.0,14.6,0.0,0.0,0.43465,0.0,0.0,11.462151,0.385216,0.0
17,16,2023-04-18,77,9,33.0,5.8,37.7,3.0,21.0,0.0,6.3,83.0,0.0,14.6,0.0,0.0,0.37162,0.0,0.0,11.462151,0.386986,0.0
17,16,2023-04-23,77,9,33.0,5.8,37.7,3.0,21.0,0.0,6.3,83.0,0.0,14.6,0.0,0.0,0.37162,0.0,0.0,11.462175,0.386986,0.0
17,16,2023-04-25,77,9,33.0,5.8,37.7,3.0,21.0,0.0,6.3,83.0,0.0,14.6,0.0,0.0,0.37162,0.0,0.0,11.285778,0.386986,0.0
17,16,2023-05-01,77,9,33.0,5.8,37.7,3.0,21.0,0.0,6.3,83.0,0.0,14.6,0.0,0.0,0.37162,0.0,0.0,11.301821,0.386986,0.0
17,16,2023-05-04,77,9,33.0,5.8,37.7,3.0,21.0,0.0,6.3,83.0,0.0,14.6,0.0,0.0,0.428801,0.0,0.0,11.301863,0.386986,0.0
17,16,2023-06-01,77,9,33.0,5.8,37.7,3.0,21.0,0.0,6.3,83.0,0.0,14.6,0.0,0.0,0.428801,0.0,0.0,11.44082,0.386986,0.0
17,16,2023-07-01,77,9,33.0,5.8,37.7,3.0,21.0,0.0,6.3,83.0,0.0,14.6,0.0,0.0,0.428801,0.0,0.0,11.422697,0.386986,0.0
17,16,2023-08-01,77,9,33.0,5.8,37.7,3.0,21.0,0.0,6.3,83.0,0.0,14.6,0.0,0.0,0.428801,0.0,0.0,11.493665,0.386986,0.0
17,16,2023-08-04,77,9,33.0,5.8,37.7,3.0,21.0,0.0,6.3,83.0,3.68,29.6,0.0,0.0,0.428801,0.0,0.0,11.493665,0.386986,0.0
17,16,2023-09-01,77,9,33.0,5.8,37.7,3.0,21.0,0.0,6.3,83.0,3.68,29.6,0.0,0.0,0.428801,0.0,0.0,11.502764,0.386986,0.0
17,16,2023-10-01,77,9,33.0,5.8,37.7,3.0,21.0,0.0,6.3,83.0,3.68,29.6,0.0,0.0,0.428801,0.0,0.0,11.369605,0.386986,0.0
17,16,2023-11-01,77,9,33.0,5.8,37.7,3.0,21.0,0.0,6.3,83.0,3.68,29.6,0.0,0.0,0.428801,0.0,0.0,11.376792,0.386986,0.0
17,16,2023-11-10,77,9,33.0,5.8,37.7,3.0,21.0,0.0,6.3,83.0,10.68,39.6,0.0,0.0,0.428801,0.0,0.0,11.376792,0.386986,0.0
17,16,2023-12-01,77,9,33.0,5.8,37.7,3.0,21.0,0.0,6.3,83.0,10.68,39.6,0.0,0.0,0.428801,0.0,0.0,11.415708,0.386986,0.0
17,16,2024-01-01,77,9,33.0,5.8,37.7,3.0,21.0,0.0,6.3,83.0,10.68,39.6,0.0,0.0,0.428801,0.0,0.0,11.394202,0.386986,0.0
17,16,2024-02-01,77,9,33.0,5.8,37.7,3.0,21.0,0.0,6.3,83.0,10.68,39.6,0.0,0.0,0.428801,0.0,0.0,11.533468,0.386986,0.0
17,16,2024-02-27,77,9,33.0,5.8,37.7,3.0,21.0,0.0,6.3,83.0,18.68,47.6,0.0,0.0,0.428801,0.0,0.0,11.533468,0.386986,0.0
17,16,2024-03-01,77,9,33.0,5.8,37.7,3.0,21.0,0.0,6.3,83.0,18.68,47.6,0.0,0.0,0.434512,0.0,0.0,11.384928,0.386986,0.0
17,16,2024-04-01,77,9,33.0,5.8,37.7,3.0,21.0,0.0,6.3,83.0,18.68,47.6,0.0,0.0,0.434512,0.0,0.0,10.883412,0.386986,0.0
17,16,2024-04-10,77,9,33.0,5.8,37.7,3.0,21.0,0.0,6.3,83.0,18.68,47.6,0.0,0.0,0.434512,0.0,0.0,10.851887,0.386986,0.0
17,16,2024-05-01,77,9,33.0,5.8,37.7,3.0,21.0,0.0,6.3,83.0,18.68,47.6,0.0,0.0,0.434512,0.0,0.0,10.456735,0.386986,0.0
17,16,2024-05-04,77,9,33.0,5.8,37.7,3.0,21.0,0.0,6.3,83.0,18.68,47.6,0.0,0.0,0.434512,0.0,0.0,10.439577,0.386986,0.0
17,16,2024-06-01,77,9,33.0,5.8,37.7,3.0,21.0,0.0,6.3,83.0,18.68,47.6,0.0,0.0,0.434512,0.0,0.0,10.606673,0.386986,0.0
17,16,2024-07-01,77,9,33.0,5.8,37.7,3.0,21.0,0.0,6.3,83.0,18.68,47.6,0.0,0.0,0.434512,0.0,0.0,10.810141,0.386986,0.0
17,16,2024-08-01,77,9,33.0,5.8,37.7,3.0,21.0,0.0,6.3,83.0,18.68,47.6,0.0,0.0,0.434512,0.0,0.0,10.766055,0.386986,0.0
17,16,2024-09-01,77,9,33.0,5.8,37.7,3.0,21.0,0.0,6.3,83.0,18.68,47.6,0.0,0.0,0.434512,0.0,0.0,10.651534,0.386986,0.0
17,16,2024-10-01,77,9,33.0,5.8,37.7,3.0,21.0,0.0,6.3,83.0,18.68,47.6,0.0,0.0,0.434512,0.0,0.0,10.643878,0.386986,0.0
17,16,2024-11-01,77,9,33.0,5.8,37.7,3.0,21.0,0.0,6.3,83.0,18.68,47.6,0.0,0.0,0.434512,0.0,0.0,10.605146,0.386986,0.0
17,16,2024-12-01,77,9,33.0,5.8,37.7,3.0,21.0,0.0,6.3,83.0,18.68,47.6,0.0,0.0,0.434512,0.0,0.0,10.445759,0.386986,0.0
17,16,2025-01-01,77,9,33.0,5.8,37.7,3.0,21.0,0.0,6.3,83.0,18.68,47.6,0.0,0.0,0.434512,0.0,0.0,10.568743,0.386986,0.0
17,16,2025-02-01,77,9,33.0,5.8,37.7,3.0,21.0,0.0,6.3,83.0,18.68,47.6,0.0,0.0,0.434512,0.0,0.0,10.7484,0.386986,0.0
17,16,2025-03-01,77,9,33.0,5.8,37.7,3.0,21.0,0.0,6.3,83.0,18.68,47.6,0.0,0.0,0.434512,0.0,0.0,10.628152,0.386986,0.0
18,17,2023-04-01,46,7,29.1,0.0,36.89,20.5,0.0,0.0,9.8,72.7,0.0,0.0,0.0,0.0,0.536014,4.725904,0.0,0.068436,0.62407,0.0
18,17,2023-04-11,46,7,29.1,0.0,36.89,20.5,0.0,0.0,9.8,72.7,0.0,0.6,0.0,0.0,0.536014,4.725904,0.0,0.068436,0.62407,0.0
18,17,2023-04-29,46,7,29.1,0.0,36.89,20.5,0.0,0.0,9.8,72.7,0.0,0.6,0.0,0.0,0.536014,3.221693,0.0,0.068436,0.62407,0.0
18,17,2023-07-20,46,7,29.1,0.0,36.89,20.5,0.0,0.0,9.8,72.7,0.0,0.6,0.0,0.0,0.536014,0.988593,0.0,0.068436,0.62407,0.0
18,17,2023-07-21,46,7,29.1,0.0,36.89,20.5,0.0,0.0,9.8,72.7,0.0,0.6,0.0,0.0,0.536014,3.319444,0.0,0.068436,0.62407,0.0
18,17,2023-08-01,46,7,29.1,0.0,36.89,20.5,0.0,0.0,9.8,72.7,0.0,0.6,0.0,0.0,0.536014,4.400769,0.0,0.068436,0.62407,0.0
18,17,2023-08-08,46,7,29.1,0.0,36.89,20.5,0.0,0.0,9.8,72.7,0.0,0.6,0.0,0.0,0.536014,4.400769,0.0,0.061678,0.62407,0.0
18,17,2023-09-01,46,7,29.1,0.0,36.89,20.5,0.0,0.0,9.8,72.7,0.0,0.6,0.0,0.0,0.536014,4.612062,0.0,0.061678,0.62407,0.0
18,17,2023-10-05,46,7,29.1,0.0,36.89,20.5,0.0,0.0,9.8,72.7,0.0,0.6,0.0,0.0,0.422543,4.612062,0.0,0.061678,0.62407,0.0
18,17,2023-10-09,46,7,29.1,0.0,36.89,20.5,0.0,0.0,9.8,72.7,0.0,0.6,0.0,0.0,0.422543,4.612062,0.0,0.061678,0.656829,0.0
18,17,2023-10-23,46,7,29.1,0.0,36.89,20.5,0.0,0.0,9.8,72.7,0.0,0.6,0.0,0.0,0.422543,4.847469,0.0,0.067099,0.643419,0.0
18,17,2023-11-01,46,7,29.1,0.0,36.89,20.5,0.0,0.0,9.8,72.7,0.0,0.6,0.0,0.0,0.422543,4.621263,0.0,0.067099,0.643419,0.0
18,17,2024-02-01,46,7,29.1,0.0,36.89,20.5,0.0,0.0,9.8,72.7,0.0,0.6,0.0,0.0,0.424549,4.621263,0.0,0.067099,0.643419,0.0
18,17,2024-02-28,46,7,29.1,0.0,36.89,20.5,0.0,0.0,9.8,72.7,0.0,0.6,0.0,0.0,0.424549,3.305769,0.0,0.067099,0.643419,0.0
18,17,2024-09-17,46,7,29.1,0.0,36.89,20.5,0.0,0.0,9.8,72.7,0.0,0.6,0.0,0.0,0.424549,3.305688,0.0,0.067099,0.643419,0.0
18,17,2024-11-01,46,7,29.1,0.0,36.89,20.5,0.0,0.0,9.8,72.7,0.0,0.6,0.0,0.0,0.424549,3.086302,0.0,0.067099,0.643419,0.0
18,17,2025-02-01,46,7,29.1,0.0,36.89,20.5,0.0,0.0,9.8,72.7,0.0,0.6,0.0,0.0,0.424549,0.001157,0.0,0.067099,0.643419,0.0
18,17,2025-02-02,46,7,29.1,0.0,36.89,20.5,0.0,0.0,9.8,72.7,0.0,0.6,0.0,0.0,0.424549,2.880189,0.0,0.067099,0.643419,0.0
19,18,2023-04-01,46,1,52.0,3.6,6.0,25.0,0.0,0.0,0.0,0.0,19.6,25.223,0.0,0.471233,0.0,0.0,0.0,0.0,0.0,0.0
19,18,2023-04-14,46,1,52.0,3.6,6.0,25.0,0.0,0.0,0.0,0.0,19.6,25.953,0.0,0.471233,0.0,0.0,0.0,0.0,0.0,0.0
19,18,2023-07-20,46,1,52.0,3.6,6.0,25.0,0.0,0.0,0.0,0.0,19.6,29.598,0.0,0.471233,0.0,0.0,0.0,0.0,0.0,0.0
19,18,2023-09-16,46,1,52.0,3.6,6.0,25.0,0.0,0.0,0.0,0.0,19.6,30.198,0.0,0.471233,0.0,0.0,0.0,0.0,0.0,0.0
19,18,2023-11-29,46,1,52.0,3.6,6.0,25.0,0.0,0.0,0.0,0.0,19.6,38.398,0.0,0.471233,0.0,0.0,0.0,0.0,0.0,0.0
19,18,2024-01-01,46,1,52.0,3.6,6.0,25.0,0.0,0.0,0.0,0.0,19.6,38.398,0.0,0.471425,0.0,0.0,0.0,0.0,0.0,0.0
20,19,2023-04-01,21,1,36.8,0.0,36.0,5.0,0.0,22.0,0.0,4.3,2.5,11.067,0.0,0.0,0.0,0.0,0.755936,0.0,0.0,0.0
20,19,2023-08-19,21,1,36.8,0.0,36.0,5.0,0.0,22.0,0.0,4.3,2.5,11.667,0.0,0.0,0.0,0.0,0.755936,0.0,0.0,0.0
20,19,2024-01-01,21,1,36.8,0.0,36.0,5.0,0.0,22.0,0.0,4.3,2.5,11.667,0.0,0.0,0.0,0.0,0.787227,0.0,0.0,0.0
20,19,2024-05-24,21,1,36.8,0.0,36.0,5.0,0.0,22.0,0.0,4.3,2.5,17.667,0.0,0.0,0.0,0.0,0.787227,0.0,0.0,0.0
21,20,2023-04-01,18,1,45.0,0.0,0.0,0.0,0.0,33.0,0.0,0.0,9.8,75.532,0.0,0.0,0.0,0.0,0.0,0.041945,0.0,0.0
21,20,2023-05-23,18,1,45.0,0.0,0.0,0.0,0.0,33.0,0.0,0.0,9.8,75.532,0.0,0.0,0.0,0.0,0.0,0.015441,0.0,0.0
21,20,2024-01-09,18,1,45.0,0.0,0.0,0.0,0.0,33.0,0.0,0.0,9.8,79.732,0.0,0.0,0.0,0.0,0.0,0.015441,0.0,0.0
21,20,2024-09-05,18,1,45.0,0.0,0.0,0.0,0.0,33.0,0.0,0.0,13.9,87.732,0.0,0.0,0.0,0.0,0.0,0.015441,0.0,0.0
21,20,2025-02-24,18,1,51.0,6.0,0.0,6.0,0.0,33.0,0.0,0.0,13.9,87.732,0.0,0.0,0.0,0.0,0.0,0.015441,0.0,0.0
22,21,2023-04-01,22,2,40.0,0.0,0.0,3.0,72.0,22.0,0.0,0.0,10.0,42.01,0.0,0.0,0.0,8.175275,0.0,0.0,0.0,0.0
22,21,2023-05-05,22,2,40.0,0.0,0.0,3.0,72.0,22.0,0.0,0.0,10.0,42.01,0.0,0.0,0.0,8.21862,0.0,0.0,0.0,0.0
22,21,2024-01-01,22,2,40.0,0.0,0.0,3.0,72.0,22.0,0.0,0.0,10.0,42.01,0.0,0.0,0.0,10.306531,0.0,0.0,0.0,0.0
23,22,2023-04-01,12,5,88.0,5.89,4.0,0.0,0.0,44.0,0.0,0.0,0.0,13.5,0.0,0.59532,4.408162,0.0,0.0,0.0,0.0,0.0
23,22,2023-04-12,12,5,88.0,5.89,4.0,0.0,0.0,44.0,0.0,0.0,0.0,13.5,0.0,0.59532,4.706264,0.0,0.0,0.0,0.0,0.0
23,22,2023-04-15,12,5,88.0,5.89,4.0,0.0,0.0,44.0,0.0,0.0,0.0,13.5,0.0,0.59532,4.744952,0.0,0.0,0.0,0.0,0.0
23,22,2023-11-15,12,5,88.0,5.89,4.0,0.0,0.0,44.0,0.0,0.0,0.0,13.5,0.0,0.597688,4.744952,0.0,0.0,0.0,0.0,0.0
23,22,2023-12-21,12,5,88.0,5.89,4.0,0.0,0.0,55.0,0.0,0.0,0.0,13.5,0.0,0.597688,4.744952,0.0,0.0,0.0,0.0,0.0
23,22,2024-04-10,12,5,88.0,5.89,4.0,0.0,0.0,55.0,0.0,0.0,0.0,13.5,0.0,0.597688,6.166175,0.0,0.0,0.0,0.0,0.0
23,22,2024-04-13,12,5,88.0,5.89,4.0,0.0,0.0,55.0,0.0,0.0,0.0,13.5,0.0,0.597688,6.163625,0.0,0.0,0.0,0.0,0.0
23,22,2024-11-01,12,5,88.0,5.89,4.0,0.0,0.0,55.0,0.0,0.0,0.0,13.5,0.0,0.597688,6.341749,0.0,0.0,0.0,0.0,0.0
24,23,2023-04-01,35,7,53.5,0.0,0.0,1.0,138.0,121.0,0.0,0.0,2.5,5.0,0.0,0.0,1.149214,0.0,0.0,0.494583,0.0,0.231721
24,23,2023-07-29,35,7,53.5,0.0,0.0,1.0,138.0,121.0,0.0,0.0,2.5,5.0,0.0,0.0,1.149214,0.0,0.0,0.494583,0.0,0.233175
24,23,2023-11-01,35,7,53.5,0.0,0.0,1.0,138.0,121.0,0.0,0.0,2.5,5.0,0.0,0.0,1.721024,0.0,0.0,0.494583,0.0,0.233175
24,23,2024-01-27,35,7,53.5,0.0,0.0,1.0,138.0,121.0,0.0,0.0,2.5,5.0,0.0,0.0,1.666813,0.0,0.0,0.494583,0.0,0.233175
24,23,2024-01-29,35,7,53.5,0.0,0.0,1.0,138.0,121.0,0.0,0.0,2.5,5.0,0.0,0.0,1.666813,0.0,0.0,0.499047,0.0,0.233175
24,23,2024-02-09,35,7,53.5,0.0,0.0,1.0,138.0,121.0,0.0,0.0,2.5,5.0,0.0,0.0,1.666813,0.0,0.0,0.496235,0.0,0.233175
24,23,2024-03-01,35,7,53.5,0.0,0.0,1.0,138.0,121.0,0.0,0.0,2.5,5.0,0.0,0.0,1.670636,0.0,0.0,0.496235,0.0,0.233175
24,23,2024-04-01,35,7,53.5,0.0,0.0,1.0,138.0,121.0,0.0,0.0,2.5,5.0,0.0,0.0,1.670636,0.0,0.0,0.493724,0.0,0.233175
25,24,2023-04-01,25,0,143.96,0.0,26.0,23.0,14.0,0.0,0.0,0.0,0.0,6.1,0.0,0.0,0.0,0.0,0.0,0.0,0.0,0.0
25,24,2024-01-27,25,0,143.96,0.0,26.0,23.0,14.0,0.0,0.0,0.0,9.2,16.1,0.0,0.0,0.0,0.0,0.0,0.0,0.0,0.0
26,25,2023-04-01,36,0,8.6,30.1,8.8,9.0,0.0,30.0,0.0,0.0,3.68,75.524,0.0,0.0,0.0,0.0,0.0,0.0,0.0,0.0
27,26,2023-04-01,55,1,73.0,0.0,0.0,28.0,45.0,0.0,0.0,0.0,0.0,0.0,0.0,0.0,0.0,0.0,0.103372,0.0,0.0,0.0
27,26,2023-06-12,55,1,73.0,0.0,0.0,28.0,45.0,0.0,0.0,0.0,4.6,9.84,0.0,0.0,0.0,0.0,0.103372,0.0,0.0,0.0
27,26,2023-07-21,55,1,73.0,1.0,0.0,28.0,45.0,0.0,0.0,0.0,4.6,9.84,0.0,0.0,0.0,0.0,0.103372,0.0,0.0,0.0
27,26,2023-10-08,55,1,73.0,1.0,0.0,28.0,45.0,0.0,0.0,0.0,4.6,9.84,0.0,0.0,0.0,0.0,0.116667,0.0,0.0,0.0
28,27,2023-04-01,31,12,17.0,9.0,23.0,17.0,0.0,0.0,0.0,0.0,0.0,26.092,0.0,0.098062,0.017322,0.0,1.358969,0.0,0.0,1.556086
28,27,2023-07-01,31,12,17.0,9.0,23.0,17.0,0.0,0.0,0.0,0.0,0.0,26.092,0.0,0.098062,0.017322,0.0,0.983213,0.0,0.0,1.556086
28,27,2023-08-30,31,12,17.0,9.0,23.0,17.0,0.0,0.0,0.0,0.0,0.0,26.092,0.0,0.098062,0.017322,0.0,0.625157,0.0,0.0,1.556086
28,27,2023-08-31,31,12,17.0,9.0,23.0,17.0,0.0,0.0,0.0,0.0,0.0,26.092,0.0,0.098062,0.017322,0.0,1.12225,0.0,0.0,1.556086
28,27,2023-10-01,31,12,17.0,9.0,23.0,17.0,0.0,0.0,0.0,0.0,0.0,26.092,0.0,0.098062,0.017322,0.0,1.942044,0.0,0.0,1.556086
28,27,2023-12-14,31,12,17.0,9.0,23.0,17.0,0.0,0.0,0.0,0.0,0.0,26.092,0.0,0.098062,0.020202,0.0,1.942044,0.0,0.0,1.556086
28,27,2024-03-22,31,12,17.0,9.0,23.0,17.0,0.0,0.0,0.0,0.0,0.0,26.092,0.0,0.098062,0.016369,0.0,1.915874,0.0,0.0,1.610437
28,27,2024-07-01,31,12,17.0,9.0,23.0,17.0,0.0,0.0,0.0,0.0,0.0,26.092,0.0,0.098062,0.016369,0.0,1.1028,0.0,0.0,1.570382
28,27,2024-10-16,32,12,17.0,9.0,23.0,17.0,0.0,0.0,0.0,0.0,0.0,26.092,0.0,0.098062,0.016369,0.0,1.1028,0.0,0.0,1.570382
28,27,2024-12-16,32,12,17.0,9.0,23.0,17.0,0.0,0.0,0.0,0.0,18.4,26.092,0.0,0.098062,0.016369,0.0,1.1028,0.0,0.0,1.570382
28,27,2024-12-20,32,12,17.0,9.0,23.0,17.0,0.0,0.0,0.0,0.0,18.4,55.492,0.0,0.098062,0.016369,0.0,1.1028,0.0,0.0,1.570382
28,27,2025-01-01,32,12,17.0,9.0,23.0,17.0,0.0,0.0,0.0,0.0,18.4,55.492,0.0,0.098062,0.016369,0.0,1.1028,0.0,0.0,1.496273
29,12,2023-04-01,49,8,118.0,0.0,0.0,11.0,150.0,0.0,0.0,0.0,0.0,13.8,0.0,0.29482,2.252952,0.0,0.0,3.673607,0.0,0.0
29,12,2023-09-01,49,8,118.0,0.0,0.0,11.0,150.0,0.0,0.0,0.0,0.0,13.8,0.0,0.29482,2.252952,0.0,0.0,3.52231,0.0,0.0
29,12,2023-10-01,49,8,118.0,0.0,0.0,11.0,150.0,0.0,0.0,0.0,0.0,13.8,0.0,0.29482,2.281237,0.0,0.0,3.52231,0.0,0.0
29,12,2024-02-01,49,8,118.0,0.0,0.0,11.0,150.0,0.0,0.0,0.0,0.0,13.8,0.0,0.29482,2.246643,0.0,0.0,3.270472,0.0,0.0
29,12,2024-02-17,49,8,118.0,0.0,0.0,11.0,150.0,0.0,0.0,0.0,0.0,13.8,0.0,0.29482,2.232082,0.0,0.0,3.270472,0.0,0.0
29,12,2024-03-10,49,8,118.0,0.0,0.0,11.0,150.0,0.0,0.0,0.0,0.0,13.8,0.0,0.294189,2.217734,0.0,0.0,3.270472,0.0,0.0
29,12,2024-04-01,49,8,118.0,0.0,0.0,11.0,150.0,0.0,0.0,0.0,0.0,13.8,0.0,0.294189,2.168705,0.0,0.0,3.523944,0.0,0.0
29,12,2024-07-01,49,8,118.0,0.0,0.0,11.0,150.0,0.0,0.0,0.0,0.0,13.8,0.0,0.294189,2.168705,0.0,0.0,3.49939,0.0,0.0
29,12,2024-08-01,49,8,118.0,0.0,0.0,11.0,150.0,0.0,0.0,0.0,0.0,13.8,0.0,0.294189,2.198433,0.0,0.0,3.49939,0.0,0.0
29,12,2024-12-05,51,8,118.0,0.0,0.0,11.0,150.0,0.0,0.0,0.0,0.0,13.8,0.0,0.294189,2.198433,0.0,0.0,3.49939,0.0,0.0
29,12,2025-01-01,51,8,118.0,0.0,0.0,11.0,150.0,0.0,0.0,0.0,0.0,13.8,0.0,0.294189,2.230697,0.0,0.0,3.49939,0.0,0.0
29,12,2025-01-22,51,8,118.0,0.0,0.0,11.0,150.0,0.0,0.0,0.0,0.0,13.8,0.0,0.294189,2.230697,0.0,0.0,3.671985,0.0,0.0
30,28,2023-04-01,24,0,0.0,0.0,0.0,0.0,0.0,11.0,0.0,0.0,5.32,41.66,0.0,0.0,0.0,0.0,0.0,0.0,0.0,0.0
30,28,2024-05-01,24,0,0.0,0.0,0.0,0.0,0.0,11.0,0.0,0.0,10.42,49.66,0.0,0.0,0.0,0.0,0.0,0.0,0.0,0.0
30,28,2024-05-06,24,0,0.0,0.0,0.0,0.0,0.0,22.0,0.0,0.0,10.42,49.66,0.0,0.0,0.0,0.0,0.0,0.0,0.0,0.0
30,28,2024-12-02,24,0,0.0,0.0,0.0,0.0,0.0,22.0,0.0,0.0,10.42,58.795,0.0,0.0,0.0,0.0,0.0,0.0,0.0,0.0
30,28,2024-12-03,24,0,0.0,0.0,0.0,0.0,0.0,22.0,0.0,0.0,13.08,67.295,0.0,0.0,0.0,0.0,0.0,0.0,0.0,0.0
30,28,2025-02-24,24,0,0.0,0.0,0.0,0.0,0.0,22.0,0.0,0.0,13.08,87.295,0.0,0.0,0.0,0.0,0.0,0.0,0.0,0.0
30,28,2025-03-13,24,0,0.0,0.0,0.0,0.0,0.0,22.0,0.0,0.0,18.08,87.295,0.0,0.0,0.0,0.0,0.0,0.0,0.0,0.0
31,28,2023-04-01,14,1,17.5,5.3,23.4,2.5,48.0,11.0,0.2,8.5,0.0,0.0,0.0,0.0,0.0,0.0,0.0,0.137317,0.0,0.0
31,28,2023-05-08,14,1,17.5,5.3,23.4,2.5,48.0,11.0,0.2,8.5,0.0,0.0,0.0,0.0,0.0,0.0,0.0,0.142922,0.0,0.0
31,28,2024-04-25,15,1,17.5,5.3,23.4,2.5,48.0,11.0,0.2,8.5,0.0,0.0,0.0,0.0,0.0,0.0,0.0,0.142922,0.0,0.0
31,28,2024-06-19,15,1,17.5,5.3,23.4,2.5,48.0,11.0,0.2,8.5,0.0,5.0,0.0,0.0,0.0,0.0,0.0,0.142922,0.0,0.0
31,28,2024-07-20,15,1,17.5,5.3,23.4,2.5,48.0,11.0,0.2,8.5,9.01,16.205,0.0,0.0,0.0,0.0,0.0,0.142922,0.0,0.0
32,29,2023-04-01,63,5,76.4,6.23,14.0,20.0,123.0,0.0,2.0,68.1,0.0,6.9,0.0,0.0,1.097962,4.079442,0.0,0.055448,3.226884,0.0
32,29,2023-04-27,63,5,76.4,6.23,14.0,20.0,123.0,0.0,2.0,68.1,0.0,6.9,0.0,0.0,0.7122,4.079442,0.0,0.055448,3.226884,0.0
32,29,2023-05-01,63,5,76.4,6.23,14.0,20.0,123.0,0.0,2.0,68.1,0.0,6.9,0.0,0.0,0.7122,4.154021,0.0,0.055448,3.335185,0.0
32,29,2023-05-19,63,5,76.4,6.23,14.0,20.0,123.0,0.0,2.0,68.1,0.0,6.9,0.0,0.0,0.7122,4.154021,0.0,0.025159,3.335185,0.0
32,29,2023-06-01,63,5,76.4,6.23,14.0,20.0,123.0,0.0,2.0,68.1,0.0,6.9,0.0,0.0,0.7122,4.043262,0.0,0.025159,3.335185,0.0
32,29,2023-09-14,63,5,76.4,6.23,14.0,20.0,123.0,0.0,2.0,68.1,0.0,7.5,0.0,0.0,0.7122,4.043262,0.0,0.025159,3.335185,0.0
32,29,2023-09-27,63,5,76.4,6.23,14.0,20.0,123.0,0.0,2.0,68.1,0.0,7.5,0.0,0.0,0.109913,4.043262,0.0,0.025159,3.335185,0.0
32,29,2023-09-28,63,5,76.4,6.23,14.0,20.0,123.0,0.0,2.0,68.1,0.0,7.5,0.0,0.0,0.886029,4.043262,0.0,0.025159,3.335185,0.0
32,29,2023-11-01,63,5,76.4,6.23,14.0,20.0,123.0,0.0,2.0,68.1,0.0,7.5,0.0,0.0,1.896322,4.043262,0.0,0.025159,3.335185,0.0
32,29,2023-11-14,63,5,76.4,6.23,14.0,20.0,123.0,0.0,2.0,68.1,0.0,7.5,0.0,0.0,1.896322,4.050358,0.0,0.025159,3.335185,0.0
32,29,2024-04-25,63,5,76.4,6.23,14.0,20.0,123.0,0.0,2.0,68.1,0.0,7.5,0.0,0.0,1.896322,4.050358,0.0,0.025159,1.099896,0.0
32,29,2024-04-26,63,5,76.4,6.23,14.0,20.0,123.0,0.0,2.0,68.1,0.0,7.5,0.0,0.0,1.896322,4.050358,0.0,0.025159,2.979167,0.0
32,29,2024-05-24,65,5,76.4,6.23,14.0,20.0,123.0,0.0,2.0,68.1,0.0,7.5,0.0,0.0,1.896322,4.050358,0.0,0.025159,2.979167,0.0
32,29,2024-06-01,65,5,76.4,6.23,14.0,20.0,123.0,0.0,2.0,68.1,0.0,7.5,0.0,0.0,0.954167,4.050358,0.0,0.025159,2.979167,0.0
33,30,2023-04-01,0,2,0.0,0.0,0.0,0.0,0.0,0.0,0.0,0.0,0.0,76.8,0.0,0.0,5.203565,0.0,0.0,4.147083,0.0,0.0
33,30,2023-05-01,0,2,0.0,0.0,0.0,0.0,0.0,0.0,0.0,0.0,0.0,76.8,0.0,0.0,5.203565,0.0,0.0,2.845699,0.0,0.0
33,30,2023-06-01,0,2,0.0,0.0,0.0,0.0,0.0,0.0,0.0,0.0,0.0,76.8,0.0,0.0,5.203565,0.0,0.0,2.445,0.0,0.0
33,30,2023-07-01,0,2,0.0,0.0,0.0,0.0,0.0,0.0,0.0,0.0,0.0,76.8,0.0,0.0,5.203565,0.0,0.0,2.514919,0.0,0.0
33,30,2023-07-14,0,2,0.0,0.0,0.0,0.0,0.0,44.0,0.0,0.0,0.0,76.8,0.0,0.0,5.203565,0.0,0.0,2.514919,0.0,0.0
33,30,2023-08-01,0,2,0.0,0.0,0.0,0.0,0.0,44.0,0.0,0.0,0.0,76.8,0.0,0.0,5.203565,0.0,0.0,3.120161,0.0,0.0
33,30,2023-09-01,0,2,0.0,0.0,0.0,0.0,0.0,44.0,0.0,0.0,0.0,76.8,0.0,0.0,5.203565,0.0,0.0,3.780694,0.0,0.0
33,30,2023-10-01,0,2,0.0,0.0,0.0,0.0,0.0,44.0,0.0,0.0,0.0,76.8,0.0,0.0,5.203565,0.0,0.0,5.894892,0.0,0.0
33,30,2023-11-01,0,2,0.0,0.0,0.0,0.0,0.0,44.0,0.0,0.0,0.0,76.8,0.0,0.0,5.203565,0.0,0.0,8.057639,0.0,0.0
33,30,2023-12-01,0,2,0.0,0.0,0.0,0.0,0.0,44.0,0.0,0.0,0.0,76.8,0.0,0.0,5.203565,0.0,0.0,8.304032,0.0,0.0
33,30,2023-12-29,0,2,0.0,0.0,0.0,0.0,0.0,44.0,0.0,0.0,0.0,76.8,0.0,0.0,5.086908,0.0,0.0,8.304032,0.0,0.0
33,30,2024-01-01,0,2,0.0,0.0,0.0,0.0,0.0,44.0,0.0,0.0,0.0,76.8,0.0,0.0,5.086908,0.0,0.0,8.509409,0.0,0.0
33,30,2024-02-01,0,2,0.0,0.0,0.0,0.0,0.0,44.0,0.0,0.0,0.0,76.8,0.0,0.0,5.086908,0.0,0.0,7.868391,0.0,0.0
33,30,2024-03-01,0,2,0.0,0.0,0.0,0.0,0.0,44.0,0.0,0.0,0.0,76.8,0.0,0.0,5.086908,0.0,0.0,6.485484,0.0,0.0
33,30,2024-04-01,0,2,0.0,0.0,0.0,0.0,0.0,44.0,0.0,0.0,0.0,76.8,0.0,0.0,5.086908,0.0,0.0,5.015833,0.0,0.0
33,30,2024-05-01,0,2,0.0,0.0,0.0,0.0,0.0,44.0,0.0,0.0,0.0,76.8,0.0,0.0,5.086908,0.0,0.0,3.617608,0.0,0.0
33,30,2024-06-01,0,2,0.0,0.0,0.0,0.0,0.0,44.0,0.0,0.0,0.0,76.8,0.0,0.0,5.086908,0.0,0.0,2.985139,0.0,0.0
33,30,2024-07-01,0,2,0.0,0.0,0.0,0.0,0.0,44.0,0.0,0.0,0.0,76.8,0.0,0.0,5.086908,0.0,0.0,3.215323,0.0,0.0
33,30,2024-08-01,0,2,0.0,0.0,0.0,0.0,0.0,44.0,0.0,0.0,0.0,76.8,0.0,0.0,5.086908,0.0,0.0,3.014516,0.0,0.0
33,30,2024-09-01,0,2,0.0,0.0,0.0,0.0,0.0,44.0,0.0,0.0,0.0,76.8,0.0,0.0,5.086908,0.0,0.0,5.123194,0.0,0.0
33,30,2024-10-01,0,2,0.0,0.0,0.0,0.0,0.0,44.0,0.0,0.0,0.0,76.8,0.0,0.0,5.086908,0.0,0.0,7.703629,0.0,0.0
33,30,2024-11-01,0,2,0.0,0.0,0.0,0.0,0.0,44.0,0.0,0.0,0.0,76.8,0.0,0.0,5.086908,0.0,0.0,9.455972,0.0,0.0
33,30,2024-12-01,0,2,0.0,0.0,0.0,0.0,0.0,44.0,0.0,0.0,0.0,76.8,0.0,0.0,5.524866,0.0,0.0,8.988172,0.0,0.0
33,30,2025-01-01,0,2,0.0,0.0,0.0,0.0,0.0,44.0,0.0,0.0,0.0,76.8,0.0,0.0,5.524866,0.0,0.0,9.373656,0.0,0.0
33,30,2025-02-01,0,2,0.0,0.0,0.0,0.0,0.0,44.0,0.0,0.0,0.0,76.8,0.0,0.0,5.524866,0.0,0.0,8.724107,0.0,0.0
33,30,2025-03-01,0,2,0.0,0.0,0.0,0.0,0.0,44.0,0.0,0.0,0.0,76.8,0.0,0.0,5.524866,0.0,0.0,5.922984,0.0,0.0
34,31,2023-04-01,5,9,6.0,0.0,0.0,0.0,0.0,0.0,0.0,0.0,0.0,93.0,0.0,0.312353,3.279887,0.0,0.0,0.0,0.0,0.0
34,31,2023-05-01,5,9,6.0,0.0,0.0,0.0,0.0,0.0,0.0,0.0,0.0,93.0,0.0,0.312353,3.135902,0.0,0.0,0.0,0.0,0.0
34,31,2023-05-17,5,9,6.0,0.0,0.0,0.0,0.0,0.0,0.0,0.0,9.0,117.0,0.0,0.312353,3.135902,0.0,0.0,0.0,0.0,0.0
34,31,2023-06-01,5,9,6.0,0.0,0.0,0.0,0.0,0.0,0.0,0.0,9.0,117.0,0.0,0.312353,3.150148,0.0,0.0,0.0,0.0,0.0
34,31,2023-06-02,5,9,6.0,0.0,0.0,0.0,0.0,0.0,0.0,0.0,9.0,117.0,0.0,0.312353,3.145673,0.0,0.0,0.0,0.0,0.0
34,31,2023-06-07,5,9,6.0,0.0,0.0,0.0,0.0,0.0,0.0,0.0,9.0,117.0,0.0,0.355233,3.299861,0.0,0.0,0.0,0.0,0.0
34,31,2023-06-12,5,9,6.0,0.0,0.0,0.0,0.0,0.0,0.0,0.0,9.0,117.0,0.0,0.355233,3.300309,0.0,0.0,0.0,0.0,0.0
34,31,2023-06-27,5,9,6.0,0.0,0.0,0.0,0.0,0.0,0.0,0.0,9.0,117.0,0.0,0.355233,3.308715,0.0,0.0,0.0,0.0,0.0
34,31,2023-10-19,5,9,6.0,0.0,0.0,0.0,0.0,0.0,0.0,0.0,9.0,117.0,0.0,0.355233,6.828035,0.0,0.0,0.0,0.0,0.0
34,31,2024-01-01,5,9,6.0,0.0,0.0,0.0,0.0,0.0,0.0,0.0,9.0,117.0,0.0,0.367418,3.90849,0.0,0.0,0.0,0.0,0.0
34,31,2024-01-02,5,9,6.0,0.0,0.0,0.0,0.0,0.0,0.0,0.0,9.0,117.0,0.0,0.367418,4.014995,0.0,0.0,0.0,0.0,0.0
34,31,2024-04-01,5,9,6.0,0.0,0.0,0.0,0.0,0.0,0.0,0.0,9.0,117.0,0.0,0.367418,4.01177,0.0,0.0,0.0,0.0,0.0
34,31,2024-06-11,5,9,6.0,0.0,0.0,0.0,0.0,0.0,0.0,0.0,9.0,117.0,0.0,0.367418,4.020693,0.0,0.0,0.0,0.0,0.0
34,31,2024-06-14,5,9,6.0,0.0,0.0,0.0,0.0,0.0,0.0,0.0,9.0,117.0,0.0,0.367418,4.066651,0.0,0.0,0.0,0.0,0.0
35,32,2023-04-01,5,4,0.0,0.0,0.0,0.0,0.0,0.0,1.5,59.3,0.0,0.0,0.0,0.0,5.850194,0.0,0.0,0.0,0.0,0.946597
35,32,2024-01-01,5,4,0.0,0.0,0.0,0.0,0.0,0.0,1.5,59.3,0.0,0.0,0.0,0.0,6.825269,0.0,0.0,0.0,0.0,0.949363
35,32,2024-03-12,5,4,0.0,0.0,0.0,0.0,0.0,0.0,1.5,59.3,0.0,0.0,0.0,0.0,6.788391,0.0,0.0,0.0,0.0,0.949363
35,32,2024-03-15,5,4,0.0,0.0,0.0,0.0,0.0,0.0,1.5,59.3,0.0,0.0,0.0,0.0,6.788391,0.0,0.0,0.0,0.0,0.871539
36,33,2023-04-01,14,0,73.0,0.0,0.0,2.0,21.0,0.0,0.0,0.0,0.0,0.0,0.0,0.0,0.0,0.0,0.0,0.0,0.0,0.0
36,33,2023-10-02,14,0,73.0,0.0,0.0,2.0,21.0,0.0,0.0,0.0,5.0,7.47,0.0,0.0,0.0,0.0,0.0,0.0,0.0,0.0
37,34,2023-04-01,102,0,0.0,0.0,0.0,0.0,0.0,0.0,0.0,0.0,0.0,0.0,0.0,0.0,0.0,0.0,0.0,0.0,0.0,0.0
38,35,2023-04-01,5,2,0.0,0.0,0.0,0.0,0.0,0.0,0.0,0.0,4.5,74.8,0.0,0.0,1.336348,0.0,0.0,0.0,0.0,0.0
38,35,2023-07-25,5,2,0.0,0.0,0.0,0.0,0.0,0.0,0.0,0.0,4.5,74.8,0.0,0.0,1.203061,0.0,0.0,0.0,0.0,0.0
38,35,2023-08-07,5,2,0.0,0.0,0.0,0.0,0.0,0.0,0.0,0.0,9.5,103.96,0.0,0.0,1.203061,0.0,0.0,0.0,0.0,0.0
39,36,2023-04-01,16,0,2.0,44.5,52.4,0.0,0.0,11.0,0.0,0.0,0.0,6.4,0.0,0.0,0.0,0.0,0.0,0.0,0.0,0.0
39,36,2023-11-15,16,0,2.0,44.5,52.4,0.0,0.0,11.0,0.0,0.0,10.0,14.4,0.0,0.0,0.0,0.0,0.0,0.0,0.0,0.0
40,37,2023-04-01,26,0,38.0,12.77,10.0,24.0,24.0,11.0,0.0,0.0,3.75,4.783,0.0,0.0,0.0,0.0,0.0,0.0,0.0,0.0
40,37,2023-09-14,26,0,38.0,12.77,10.0,24.0,24.0,11.0,0.0,0.0,10.32,10.783,0.0,0.0,0.0,0.0,0.0,0.0,0.0,0.0
40,37,2024-07-15,26,0,38.0,12.77,10.0,24.0,24.0,11.0,0.0,0.0,16.89,16.783,0.0,0.0,0.0,0.0,0.0,0.0,0.0,0.0
41,38,2023-04-01,9,4,0.0,0.0,2.0,0.0,24.0,0.0,5.4,17.6,0.0,0.0,0.0,0.0,0.0,0.0,10.454549,1.362633,0.0,0.0
41,38,2024-01-01,9,4,0.0,0.0,2.0,0.0,24.0,0.0,5.4,17.6,0.0,0.0,0.0,0.0,0.0,0.0,10.454549,1.346858,0.0,0.0
41,38,2024-02-01,9,4,0.0,0.0,2.0,0.0,24.0,0.0,5.4,17.6,0.0,0.0,0.0,0.0,0.0,0.0,10.329047,1.346858,0.0,0.0
41,38,2024-02-09,9,4,0.0,0.0,2.0,0.0,24.0,0.0,5.4,17.6,0.0,0.0,0.0,0.0,0.0,0.0,10.329047,1.333855,0.0,0.0
41,38,2024-02-10,9,4,0.0,0.0,2.0,0.0,24.0,0.0,5.4,17.6,0.0,0.0,0.0,0.0,0.0,0.0,10.329047,1.271712,0.0,0.0
41,38,2025-01-01,9,4,0.0,0.0,2.0,0.0,24.0,0.0,5.4,17.6,0.0,0.0,0.0,0.0,0.0,0.0,10.329047,0.816089,0.0,0.0
42,39,2023-04-01,20,0,42.1,18.9,12.0,13.5,18.0,0.0,0.0,7.0,13.0,18.474,0.0,0.0,0.0,0.0,0.0,0.0,0.0,0.0
42,39,2023-04-20,20,0,42.1,18.9,12.0,13.5,18.0,0.0,0.0,7.0,19.0,30.474,0.0,0.0,0.0,0.0,0.0,0.0,0.0,0.0
42,39,2023-08-03,20,0,42.1,18.9,12.0,13.5,18.0,0.0,0.0,7.0,20.5,35.074,0.0,0.0,0.0,0.0,0.0,0.0,0.0,0.0
42,39,2023-09-10,20,0,42.1,20.69,21.0,22.5,18.0,0.0,0.0,7.0,20.5,35.074,0.0,0.0,0.0,0.0,0.0,0.0,0.0,0.0
42,39,2023-11-17,20,0,42.1,20.69,21.0,22.5,18.0,22.0,0.0,7.0,20.5,35.074,0.0,0.0,0.0,0.0,0.0,0.0,0.0,0.0
43,40,2023-04-01,12,2,129.2,0.0,14.1,20.0,0.0,0.0,0.0,0.0,0.0,0.0,0.0,0.0,0.116713,0.0,0.0,0.0,0.0,0.0
43,40,2023-10-20,12,2,129.2,0.0,14.1,20.0,0.0,0.0,0.0,0.0,0.0,0.0,0.0,0.0,0.071842,0.0,0.0,0.0,0.0,0.0
43,40,2023-10-25,12,2,129.2,0.0,14.1,20.0,0.0,0.0,0.0,0.0,0.0,0.0,0.0,0.0,0.077264,0.0,0.0,0.0,0.0,0.0
44,41,2023-04-01,42,0,112.0,0.0,0.0,21.0,27.0,0.0,0.0,0.0,0.0,3.6,0.0,0.0,0.0,0.0,0.0,0.0,0.0,0.0
44,41,2023-12-12,42,0,112.0,0.0,0.0,21.0,51.0,0.0,0.0,0.0,0.0,3.6,0.0,0.0,0.0,0.0,0.0,0.0,0.0,0.0
44,41,2024-04-13,42,0,112.0,0.0,0.0,21.0,51.0,0.0,0.0,0.0,7.0,3.6,0.0,0.0,0.0,0.0,0.0,0.0,0.0,0.0
44,41,2024-04-15,42,0,112.0,0.0,0.0,21.0,51.0,0.0,0.0,0.0,7.0,13.6,0.0,0.0,0.0,0.0,0.0,0.0,0.0,0.0
45,42,2023-04-01,29,1,0.0,25.1,6.0,0.0,0.0,141.5,0.0,0.0,54.3,70.305,0.0,0.0,0.0,0.0,0.0,0.0,0.0,0.0
45,42,2023-04-27,29,1,0.0,25.1,6.0,0.0,0.0,141.5,0.0,0.0,54.3,70.305,0.0,0.0,0.0,0.187883,0.0,0.0,0.0,0.0
45,42,2023-07-12,29,1,0.0,25.1,6.0,0.0,0.0,141.5,0.0,0.0,54.3,70.305,0.0,0.0,0.0,0.518264,0.0,0.0,0.0,0.0
45,42,2023-09-01,29,1,0.0,25.1,6.0,0.0,0.0,141.5,0.0,0.0,57.85,79.435,0.0,0.0,0.0,0.518264,0.0,0.0,0.0,0.0
45,42,2023-11-09,29,1,0.0,25.1,6.0,0.0,0.0,141.5,0.0,0.0,57.85,79.435,0.0,0.0,0.0,0.580136,0.0,0.0,0.0,0.0
45,42,2024-07-29,29,1,0.0,25.1,6.0,0.0,0.0,141.5,0.0,0.0,57.85,80.235,0.0,0.0,0.0,0.580136,0.0,0.0,0.0,0.0
45,42,2025-03-16,29,1,0.0,25.1,6.0,0.0,0.0,141.5,0.0,0.0,57.85,81.035,0.0,0.0,0.0,0.580136,0.0,0.0,0.0,0.0
46,43,2023-04-01,20,2,15.0,10.0,0.0,5.0,0.0,11.0,0.4,3.5,5.0,8.902,0.0,0.0,4.469292,0.0,0.0,0.0,0.0,0.0
46,43,2023-07-20,20,2,15.0,10.0,0.0,5.0,0.0,11.0,0.4,3.5,10.0,17.302,0.0,0.0,4.469292,0.0,0.0,0.0,0.0,0.0
46,43,2023-08-02,20,2,15.0,10.0,0.0,5.0,0.0,11.0,0.4,3.5,15.0,27.292,0.0,0.0,4.469292,0.0,0.0,0.0,0.0,0.0
46,43,2023-09-15,20,2,15.0,10.0,0.0,5.0,0.0,11.0,0.4,3.5,24.01,37.292,0.0,0.0,4.469292,0.0,0.0,0.0,0.0,0.0
46,43,2024-01-01,20,2,15.0,10.0,0.0,5.0,0.0,11.0,0.4,3.5,24.01,37.292,0.0,0.0,4.316245,0.0,0.0,0.0,0.0,0.0
46,43,2024-04-15,20,2,15.0,10.0,0.0,5.0,0.0,11.0,0.4,3.5,24.01,45.292,0.0,0.0,4.316245,0.0,0.0,0.0,0.0,0.0
46,43,2024-06-11,20,2,15.0,10.0,0.0,5.0,0.0,11.0,0.4,3.5,28.51,45.292,0.0,0.0,4.316245,0.0,0.0,0.0,0.0,0.0
47,24,2023-04-01,25,1,60.6,8.5,8.0,8.0,0.0,0.0,0.0,0.0,18.91,78.421,0.0,0.0,0.429984,0.0,0.0,0.0,0.0,0.0
47,24,2023-10-16,25,1,60.6,8.5,8.0,8.0,0.0,0.0,0.0,0.0,18.91,78.421,0.0,0.0,0.478145,0.0,0.0,0.0,0.0,0.0
47,24,2024-01-10,25,1,60.6,8.5,8.0,8.0,0.0,0.0,0.0,0.0,18.91,88.421,0.0,0.0,0.478145,0.0,0.0,0.0,0.0,0.0
47,24,2024-05-17,25,1,60.6,8.5,8.0,8.0,0.0,0.0,0.0,0.0,22.61,88.421,0.0,0.0,0.478145,0.0,0.0,0.0,0.0,0.0
48,44,2023-04-01,27,0,126.0,2.1,14.5,13.5,0.0,0.0,0.0,0.0,0.0,28.7,0.0,0.0,0.0,0.0,0.0,0.0,0.0,0.0
48,44,2023-08-09,27,0,126.0,2.1,14.5,13.5,0.0,0.0,0.0,0.0,0.0,29.3,0.0,0.0,0.0,0.0,0.0,0.0,0.0,0.0
48,44,2024-01-08,27,0,126.0,4.18,14.5,22.5,0.0,0.0,0.0,0.0,0.0,29.3,0.0,0.0,0.0,0.0,0.0,0.0,0.0,0.0
48,44,2024-05-06,27,0,126.0,4.18,14.5,22.5,0.0,0.0,0.0,0.0,6.76,45.3,0.0,0.0,0.0,0.0,0.0,0.0,0.0,0.0
48,44,2024-10-23,27,0,126.0,4.18,14.5,22.5,0.0,0.0,0.0,0.0,14.76,45.3,0.0,0.0,0.0,0.0,0.0,0.0,0.0,0.0
49,21,2023-04-01,41,2,105.0,2.9,0.0,6.0,24.0,0.0,0.0,0.0,7.0,26.23,0.0,0.0,0.082005,0.0,0.0,0.240815,0.0,0.0
49,21,2023-11-24,41,2,105.0,2.9,0.0,6.0,24.0,0.0,0.0,0.0,7.0,26.23,0.0,0.0,0.082005,0.0,0.0,0.220453,0.0,0.0
49,21,2023-11-29,41,2,105.0,2.9,0.0,6.0,24.0,0.0,0.0,0.0,7.0,26.23,0.0,0.0,0.082669,0.0,0.0,0.220453,0.0,0.0
50,29,2023-04-01,39,0,102.2,0.0,11.4,8.0,0.0,0.0,0.3,0.0,0.0,0.0,0.0,0.0,0.0,0.0,0.0,0.0,0.0,0.0
50,29,2023-10-12,39,0,102.2,0.0,11.4,8.0,0.0,0.0,0.3,0.0,2.5,10.0,0.0,0.0,0.0,0.0,0.0,0.0,0.0,0.0
50,29,2023-11-18,39,0,102.2,0.0,11.4,8.0,0.0,0.0,0.3,0.0,7.5,15.0,0.0,0.0,0.0,0.0,0.0,0.0,0.0,0.0
50,29,2024-02-28,39,0,102.2,0.0,11.4,8.0,0.0,0.0,0.3,0.0,11.6,21.97,0.0,0.0,0.0,0.0,0.0,0.0,0.0,0.0
50,29,2024-05-10,39,0,102.2,0.0,11.4,8.0,0.0,22.0,0.3,0.0,11.6,21.97,0.0,0.0,0.0,0.0,0.0,0.0,0.0,0.0
51,45,2023-04-01,45,0,30.0,16.56,0.0,0.0,0.0,0.0,0.0,0.0,5.6,69.581,0.0,0.0,0.0,0.0,0.0,0.0,0.0,0.0
51,45,2023-08-16,45,0,30.0,16.56,0.0,0.0,0.0,0.0,0.0,0.0,11.2,79.581,0.0,0.0,0.0,0.0,0.0,0.0,0.0,0.0
52,46,2023-04-01,48,2,88.2,4.48,0.0,11.0,0.0,11.0,0.0,0.0,0.0,9.2,0.0,0.0,0.0,0.0,0.0,0.570171,0.0,0.304566
52,46,2023-11-13,48,2,88.2,4.48,0.0,11.0,0.0,11.0,0.0,0.0,7.0,19.2,0.0,0.0,0.0,0.0,0.0,0.570171,0.0,0.304566
52,46,2024-01-01,48,2,88.2,4.48,0.0,11.0,0.0,11.0,0.0,0.0,7.0,19.2,0.0,0.0,0.0,0.0,0.0,0.570171,0.0,0.325478
52,46,2024-01-22,48,2,88.2,4.48,0.0,11.0,0.0,11.0,0.0,0.0,7.0,19.2,0.0,0.0,0.0,0.0,0.0,0.468064,0.0,0.325478
52,46,2024-06-17,49,2,88.2,4.48,0.0,11.0,0.0,11.0,0.0,0.0,7.0,19.2,0.0,0.0,0.0,0.0,0.0,0.468064,0.0,0.325478
52,46,2024-07-01,49,2,88.2,4.48,0.0,11.0,0.0,11.0,0.0,0.0,7.0,19.2,0.0,0.0,0.0,0.0,0.0,0.550907,0.0,0.325478
53,39,2023-04-01,22,0,14.8,23.73,6.0,18.4,0.0,22.0,0.0,0.0,11.7,39.502,0.0,0.0,0.0,0.0,0.0,0.0,0.0,0.0
53,39,2023-05-23,23,0,14.8,23.73,6.0,18.4,0.0,22.0,0.0,0.0,11.7,39.502,0.0,0.0,0.0,0.0,0.0,0.0,0.0,0.0
53,39,2023-06-02,23,0,14.8,32.73,6.0,18.4,0.0,22.0,0.0,0.0,11.7,39.502,0.0,0.0,0.0,0.0,0.0,0.0,0.0,0.0
53,39,2023-08-09,23,0,14.8,32.73,6.0,18.4,0.0,33.0,0.0,0.0,11.7,39.502,0.0,0.0,0.0,0.0,0.0,0.0,0.0,0.0
53,39,2023-10-11,23,0,14.8,32.73,6.0,18.4,0.0,33.0,0.0,0.0,16.7,47.502,0.0,0.0,0.0,0.0,0.0,0.0,0.0,0.0
53,39,2023-11-20,23,0,14.8,32.73,6.0,18.4,0.0,33.0,0.0,0.0,21.21,56.817,0.0,0.0,0.0,0.0,0.0,0.0,0.0,0.0
53,39,2024-06-14,23,0,14.8,32.73,6.0,18.4,0.0,33.0,0.0,0.0,25.71,64.817,0.0,0.0,0.0,0.0,0.0,0.0,0.0,0.0
54,47,2023-04-01,34,2,47.2,3.36,0.0,10.0,0.0,0.0,0.0,0.0,0.0,13.4,0.0,0.0,0.376349,0.0,0.0,0.0,0.0,0.0
54,47,2023-04-28,34,2,47.2,3.36,0.0,10.0,0.0,0.0,0.0,0.0,3.84,33.896,0.0,0.0,0.376349,0.0,0.0,0.0,0.0,0.0
54,47,2023-06-01,34,2,47.2,3.36,0.0,10.0,0.0,0.0,0.0,0.0,3.84,33.896,0.0,0.0,0.350159,0.0,0.0,0.0,0.0,0.0
54,47,2023-07-13,34,2,47.2,3.36,0.0,10.0,0.0,0.0,0.0,0.0,3.84,33.896,0.0,0.0,0.34586,0.0,0.0,0.0,0.0,0.0
54,47,2024-03-28,34,2,47.2,3.36,0.0,10.0,0.0,0.0,0.0,0.0,10.84,39.896,0.0,0.0,0.34586,0.0,0.0,0.0,0.0,0.0
54,47,2024-12-17,34,2,47.2,3.36,0.0,10.0,0.0,0.0,0.0,0.0,16.6,47.896,0.0,0.0,0.34586,0.0,0.0,0.0,0.0,0.0
55,48,2023-04-01,80,1,7.5,0.0,0.0,15.0,60.0,0.0,0.0,0.0,6.0,5.698,0.0,0.0,0.491585,0.0,0.0,0.0,0.0,0.0
55,48,2023-05-24,80,1,7.5,0.0,0.0,15.0,60.0,0.0,0.0,0.0,6.0,6.508,0.0,0.0,0.491585,0.0,0.0,0.0,0.0,0.0
55,48,2023-06-14,80,1,7.5,0.0,0.0,15.0,60.0,0.0,0.0,0.0,6.0,6.508,0.0,0.0,0.471906,0.0,0.0,0.0,0.0,0.0
55,48,2024-07-01,80,1,7.5,0.0,0.0,15.0,60.0,0.0,0.0,0.0,26.0,19.108,0.0,0.0,0.471906,0.0,0.0,0.0,0.0,0.0
56,49,2023-04-01,105,0,0.0,0.0,0.0,0.0,0.0,33.0,0.0,0.0,20.74,62.944,0.0,0.0,0.0,0.0,0.0,0.0,0.0,0.0
56,49,2023-06-20,105,0,0.0,0.0,0.0,0.0,0.0,33.0,0.0,0.0,26.74,72.944,0.0,0.0,0.0,0.0,0.0,0.0,0.0,0.0
56,49,2023-07-13,105,0,0.0,0.0,0.0,0.0,0.0,33.0,0.0,0.0,26.74,77.944,0.0,0.0,0.0,0.0,0.0,0.0,0.0,0.0
56,49,2023-12-22,105,0,0.0,0.0,0.0,0.0,0.0,44.0,0.0,0.0,26.74,77.944,0.0,0.0,0.0,0.0,0.0,0.0,0.0,0.0
56,49,2024-08-22,105,0,0.0,0.0,0.0,0.0,0.0,44.0,0.0,0.0,36.98,90.104,0.0,0.0,0.0,0.0,0.0,0.0,0.0,0.0
56,49,2024-11-27,105,0,0.0,0.0,0.0,0.0,0.0,44.0,0.0,0.0,46.98,99.894,0.0,0.0,0.0,0.0,0.0,0.0,0.0,0.0
56,49,2025-03-04,105,0,0.0,0.0,0.0,0.0,0.0,44.0,0.0,0.0,49.48,99.894,0.0,0.0,0.0,0.0,0.0,0.0,0.0,0.0
57,50,2023-04-01,23,0,9.0,4.0,0.0,3.0,0.0,22.0,0.0,0.0,20.0,20.529,5.5,0.0,0.0,0.0,0.0,0.0,0.0,0.0
57,50,2023-12-01,23,0,9.0,4.0,0.0,3.0,0.0,22.0,0.0,0.0,30.0,38.529,5.5,0.0,0.0,0.0,0.0,0.0,0.0,0.0
57,50,2025-02-05,23,0,9.0,4.0,0.0,3.0,0.0,33.0,0.0,0.0,30.0,38.529,5.5,0.0,0.0,0.0,0.0,0.0,0.0,0.0
57,50,2025-03-05,23,0,9.0,4.0,0.0,3.0,0.0,33.0,0.0,0.0,33.3,48.529,5.5,0.0,0.0,0.0,0.0,0.0,0.0,0.0
57,50,2025-03-06,23,0,9.0,4.0,0.0,3.0,0.0,33.0,0.0,0.0,36.6,48.529,5.5,0.0,0.0,0.0,0.0,0.0,0.0,0.0
57,50,2025-03-07,23,0,9.0,4.0,0.0,3.0,0.0,33.0,0.0,0.0,46.5,68.429,5.5,0.0,0.0,0.0,0.0,0.0,0.0,0.0
57,50,2025-03-10,23,0,9.0,4.0,0.0,3.0,0.0,33.0,0.0,0.0,53.1,78.329,5.5,0.0,0.0,0.0,0.0,0.0,0.0,0.0
58,25,2023-04-01,37,0,17.8,6.71,0.0,0.0,0.0,22.0,0.0,0.0,5.0,40.204,0.0,0.0,0.0,0.0,0.0,0.0,0.0,0.0
58,25,2023-05-10,37,0,17.8,6.71,0.0,0.0,0.0,22.0,0.0,0.0,11.0,46.204,0.0,0.0,0.0,0.0,0.0,0.0,0.0,0.0
58,25,2023-05-15,37,0,17.8,6.71,0.0,0.0,0.0,22.0,0.0,0.0,21.6,54.204,0.0,0.0,0.0,0.0,0.0,0.0,0.0,0.0
58,25,2023-05-22,37,0,17.8,6.71,0.0,0.0,0.0,33.0,0.0,0.0,21.6,54.204,0.0,0.0,0.0,0.0,0.0,0.0,0.0,0.0
58,25,2024-01-24,37,0,17.8,6.71,0.0,0.0,0.0,33.0,0.0,0.0,21.6,54.804,0.0,0.0,0.0,0.0,0.0,0.0,0.0,0.0
58,25,2024-07-15,37,0,17.8,6.71,0.0,0.0,0.0,33.0,0.0,0.0,32.2,54.804,0.0,0.0,0.0,0.0,0.0,0.0,0.0,0.0
59,51,2023-04-01,46,1,18.0,9.85,12.0,9.0,0.0,22.0,0.0,0.0,6.3,11.82,0.0,0.0,0.285148,0.0,0.0,0.0,0.0,0.0
59,51,2023-05-02,46,1,18.0,9.85,12.0,9.0,0.0,22.0,0.0,0.0,6.3,17.74,0.0,0.0,0.285148,0.0,0.0,0.0,0.0,0.0
59,51,2023-05-25,46,1,18.0,9.85,12.0,9.0,0.0,22.0,0.0,0.0,11.3,24.71,0.0,0.0,0.285148,0.0,0.0,0.0,0.0,0.0
59,51,2023-09-11,46,1,18.0,9.85,12.0,9.0,0.0,22.0,0.0,0.0,11.3,24.71,0.0,0.0,0.285532,0.0,0.0,0.0,0.0,0.0
60,52,2023-04-01,13,14,140.1,0.0,12.87,0.0,72.0,0.0,0.0,0.0,0.0,0.0,0.0,2.805076,0.30327,15.455207,0.0,6.345389,0.147203,0.0
60,52,2023-05-01,13,14,140.1,0.0,12.87,0.0,72.0,0.0,0.0,0.0,0.0,0.0,0.0,2.805076,0.30327,18.552217,0.0,6.345389,0.147203,0.0
60,52,2023-06-01,13,14,140.1,0.0,12.87,0.0,72.0,0.0,0.0,0.0,0.0,0.0,0.0,2.805076,0.30327,21.543262,0.0,6.345389,0.147203,0.0
60,52,2023-07-01,13,14,140.1,0.0,12.87,0.0,72.0,0.0,0.0,0.0,0.0,0.0,0.0,2.805076,0.30327,20.139315,0.0,6.345389,0.147203,0.0
60,52,2023-07-10,13,14,140.1,0.0,12.87,0.0,72.0,0.0,0.0,0.0,0.0,0.0,0.0,2.805076,0.30327,20.139315,0.0,6.318218,0.147203,0.0
60,52,2023-08-01,13,14,140.1,0.0,12.87,0.0,72.0,0.0,0.0,0.0,0.0,0.0,0.0,2.805076,0.30327,18.652084,0.0,6.290503,0.147203,0.0
60,52,2023-09-01,13,14,140.1,0.0,12.87,0.0,72.0,0.0,0.0,0.0,0.0,0.0,0.0,2.805076,0.30327,18.860207,0.0,6.290503,0.147203,0.0
60,52,2023-10-01,13,14,140.1,0.0,12.87,0.0,72.0,0.0,0.0,0.0,0.0,0.0,0.0,2.805076,0.30327,13.950068,0.0,6.290503,0.147203,0.0
60,52,2023-10-11,13,14,140.1,0.0,12.87,0.0,72.0,0.0,0.0,0.0,0.0,0.0,0.0,2.805076,0.30327,13.950068,0.0,6.294732,0.147203,0.0
60,52,2023-10-14,13,14,140.1,0.0,12.87,0.0,72.0,0.0,0.0,0.0,0.0,0.0,0.0,2.805076,0.31762,14.359172,0.0,6.363282,0.147203,0.0
60,52,2023-10-20,13,14,140.1,0.0,12.87,0.0,72.0,0.0,0.0,0.0,0.0,0.0,0.0,2.805076,0.31762,14.359172,0.0,6.624011,0.147203,0.0
60,52,2023-10-25,13,14,140.1,0.0,12.87,0.0,72.0,0.0,0.0,0.0,0.0,0.0,0.0,2.671737,0.31762,14.359172,0.0,6.624011,0.147203,0.0
60,52,2023-11-01,13,14,140.1,0.0,12.87,0.0,72.0,0.0,0.0,0.0,0.0,0.0,0.0,2.671737,0.31762,6.695422,0.0,6.624011,0.147203,0.0
60,52,2023-11-03,13,14,140.1,0.0,12.87,0.0,72.0,0.0,0.0,0.0,0.0,0.0,0.0,2.628573,0.31762,6.695422,0.0,6.624011,0.147203,0.0
60,52,2023-11-07,13,14,140.1,0.0,12.87,0.0,72.0,0.0,0.0,0.0,0.0,0.0,0.0,2.628573,0.31762,6.695422,0.0,6.624023,0.590255,0.0
60,52,2023-12-01,13,14,140.1,0.0,12.87,0.0,72.0,0.0,0.0,0.0,0.0,0.0,0.0,2.628573,0.31762,5.56643,0.0,6.624023,0.590255,0.0
60,52,2024-01-01,13,14,140.1,0.0,12.87,0.0,72.0,0.0,0.0,0.0,0.0,0.0,0.0,2.628573,0.31762,5.859037,0.0,6.624023,0.590255,0.0
60,52,2024-02-01,13,14,140.1,0.0,12.87,0.0,72.0,0.0,0.0,0.0,0.0,0.0,0.0,2.628573,0.31762,10.890637,0.0,5.894534,0.590255,0.0
60,52,2024-02-02,13,14,140.1,0.0,12.87,0.0,72.0,0.0,0.0,0.0,0.0,0.0,0.0,2.628573,0.31762,10.890637,0.0,5.968159,0.590255,0.0
60,52,2024-03-01,13,14,140.1,0.0,12.87,0.0,72.0,0.0,0.0,0.0,0.0,0.0,0.0,2.628573,0.31762,14.118446,0.0,5.968159,0.590255,0.0
60,52,2024-04-01,13,14,140.1,0.0,12.87,0.0,72.0,0.0,0.0,0.0,0.0,0.0,0.0,2.628573,0.31762,14.310283,0.0,5.968159,0.590255,0.0
60,52,2024-05-01,13,14,140.1,0.0,12.87,0.0,72.0,0.0,0.0,0.0,0.0,0.0,0.0,2.628573,0.31762,16.989279,0.0,5.968159,0.590255,0.0
60,52,2024-06-01,13,14,140.1,0.0,12.87,0.0,72.0,0.0,0.0,0.0,0.0,0.0,0.0,2.628573,0.31762,16.506393,0.0,5.968159,0.590255,0.0
60,52,2024-07-01,13,14,140.1,0.0,12.87,0.0,72.0,0.0,0.0,0.0,0.0,0.0,0.0,2.628573,0.31762,16.850973,0.0,5.13799,0.590255,0.0
60,52,2024-08-01,13,14,140.1,0.0,12.87,0.0,72.0,0.0,0.0,0.0,0.0,0.0,0.0,2.628573,0.31762,16.8835,0.0,5.137157,0.590255,0.0
60,52,2024-09-01,13,14,140.1,0.0,12.87,0.0,72.0,0.0,0.0,0.0,0.0,0.0,0.0,2.628573,0.31762,14.739449,0.0,5.137157,0.590255,0.0
60,52,2024-09-26,13,14,140.1,0.0,12.87,0.0,72.0,0.0,0.0,0.0,0.0,0.0,0.0,2.628573,0.31762,13.135634,0.0,5.137157,0.590255,0.0
60,52,2024-10-01,13,14,140.1,0.0,12.87,0.0,72.0,0.0,0.0,0.0,0.0,0.0,0.0,2.628573,0.31762,9.31947,0.0,5.137157,0.590255,0.0
60,52,2024-11-01,13,14,140.1,0.0,12.87,0.0,72.0,0.0,0.0,0.0,0.0,0.0,0.0,2.628573,0.31762,5.756607,0.0,5.137157,0.590255,0.0
60,52,2024-12-01,13,14,140.1,0.0,12.87,0.0,72.0,0.0,0.0,0.0,0.0,0.0,0.0,2.628573,0.31762,3.904013,0.0,5.137157,0.590255,0.0
60,52,2025-01-01,13,14,140.1,0.0,12.87,0.0,72.0,0.0,0.0,0.0,0.0,0.0,0.0,2.628573,0.31762,3.939496,0.0,5.137157,0.590255,0.0
60,52,2025-02-01,13,14,140.1,0.0,12.87,0.0,72.0,0.0,0.0,0.0,0.0,0.0,0.0,2.628573,0.31762,6.791815,0.0,5.137157,0.590255,0.0
61,53,2023-04-01,34,0,0.0,0.0,0.0,0.0,0.0,22.0,0.0,0.0,7.1,20.388,0.0,0.0,0.0,0.0,0.0,0.0,0.0,0.0
61,53,2023-09-14,36,0,0.0,0.0,0.0,0.0,0.0,22.0,0.0,0.0,7.1,20.388,0.0,0.0,0.0,0.0,0.0,0.0,0.0,0.0
61,53,2024-03-22,36,0,0.0,0.0,0.0,0.0,0.0,22.0,0.0,0.0,12.1,28.388,0.0,0.0,0.0,0.0,0.0,0.0,0.0,0.0
61,53,2024-06-03,36,0,0.0,0.0,0.0,0.0,0.0,22.0,0.0,0.0,18.86,36.388,0.0,0.0,0.0,0.0,0.0,0.0,0.0,0.0
61,53,2024-08-01,36,0,0.0,0.0,0.0,0.0,0.0,22.0,0.0,0.0,18.86,43.608,0.0,0.0,0.0,0.0,0.0,0.0,0.0,0.0
62,11,2023-04-01,61,3,45.7,0.0,12.0,22.0,48.0,33.0,0.0,3.7,12.26,35.186,0.0,0.367216,1.295895,0.0,0.0,0.0,0.0,0.0
62,11,2023-05-01,61,3,45.7,0.0,12.0,22.0,48.0,33.0,0.0,3.7,12.26,35.186,0.0,0.367216,1.122397,0.0,0.0,0.0,0.0,0.0
62,11,2023-10-14,61,3,45.7,0.0,12.0,22.0,48.0,33.0,0.0,3.7,12.26,35.186,0.0,0.397013,1.105991,0.0,0.0,0.0,0.0,0.0
62,11,2024-01-01,61,3,45.7,0.0,12.0,22.0,48.0,33.0,0.0,3.7,12.26,35.186,0.0,0.397013,1.176984,0.0,0.0,0.0,0.0,0.0
63,54,2023-04-01,13,5,68.0,0.0,10.98,0.0,0.0,11.0,0.0,0.0,0.0,6.0,0.0,0.257294,0.0,0.0,0.0,0.0,0.0,0.038881
63,54,2023-04-14,13,5,68.0,0.0,10.98,0.0,0.0,11.0,0.0,0.0,0.0,6.0,0.0,0.257294,0.0025,0.0,0.0,0.0,0.0,0.038881
63,54,2024-01-01,13,5,68.0,0.0,10.98,0.0,0.0,11.0,0.0,0.0,0.0,6.0,0.0,0.257935,0.0025,0.0,0.0,0.0,0.0,0.038786
63,54,2024-01-10,13,5,68.0,0.0,10.98,0.0,0.0,11.0,0.0,0.0,10.6,65.16,0.0,0.257935,0.0025,0.0,0.0,0.0,0.0,0.038786
63,54,2024-03-09,13,5,68.0,0.0,10.98,0.0,0.0,11.0,0.0,0.0,10.6,65.16,0.0,0.257935,0.003814,0.0,0.0,0.0,0.0,0.038786
63,54,2024-08-12,15,6,68.0,0.0,10.98,0.0,0.0,11.0,0.0,0.0,10.6,65.16,0.0,0.257935,0.003814,0.0,0.0,0.0,0.0,0.038786
63,54,2025-01-20,15,6,68.0,0.0,10.98,0.0,0.0,11.0,0.0,0.0,10.6,78.06,0.0,0.257935,0.003814,0.0,0.0,0.0,0.0,0.038786
64,55,2023-04-01,23,1,44.0,4.98,6.0,17.0,18.0,0.0,0.0,0.0,0.0,1.43,0.0,0.360902,0.0,0.0,0.0,0.0,0.0,0.0
64,55,2023-05-17,23,1,44.0,4.98,6.0,17.0,18.0,0.0,0.0,0.0,5.32,11.43,0.0,0.360902,0.0,0.0,0.0,0.0,0.0,0.0
64,55,2023-07-31,23,1,44.0,4.98,6.0,17.0,18.0,0.0,0.0,0.0,5.32,21.43,0.0,0.360902,0.0,0.0,0.0,0.0,0.0,0.0
64,55,2023-08-30,23,1,44.0,4.98,6.0,17.0,18.0,0.0,0.0,0.0,17.42,21.43,0.0,0.360902,0.0,0.0,0.0,0.0,0.0,0.0
64,55,2023-11-06,23,1,44.0,4.98,6.0,17.0,39.0,0.0,0.0,0.0,17.42,21.43,0.0,0.360902,0.0,0.0,0.0,0.0,0.0,0.0
64,55,2024-01-22,23,1,44.0,4.98,6.0,17.0,39.0,0.0,0.0,0.0,17.42,21.43,0.0,0.158618,0.0,0.0,0.0,0.0,0.0,0.0
64,55,2025-03-10,23,1,52.0,7.98,6.0,25.0,39.0,0.0,0.0,0.0,17.42,21.43,0.0,0.158618,0.0,0.0,0.0,0.0,0.0,0.0
65,8,2023-04-01,14,0,17.0,19.05,14.8,0.0,0.0,0.0,0.0,0.0,16.93,34.27,0.0,0.0,0.0,0.0,0.0,0.0,0.0,0.0
65,8,2023-05-11,14,0,17.0,19.05,14.8,0.0,0.0,0.0,0.0,0.0,16.93,46.77,0.0,0.0,0.0,0.0,0.0,0.0,0.0,0.0
65,8,2024-05-25,14,0,17.0,19.05,14.8,0.0,0.0,11.0,0.0,0.0,16.93,46.77,0.0,0.0,0.0,0.0,0.0,0.0,0.0,0.0
66,56,2023-04-01,45,3,71.39,3.0,17.0,11.0,39.0,11.0,0.0,0.0,4.6,96.322,0.0,0.0,0.120571,0.0,0.488927,0.0,0.0,0.026712
66,56,2024-01-01,45,3,71.39,3.0,17.0,11.0,39.0,11.0,0.0,0.0,4.6,96.322,0.0,0.0,0.245469,0.0,0.532218,0.0,0.0,0.053393
66,56,2024-08-10,45,3,71.39,3.0,17.0,11.0,39.0,11.0,0.0,0.0,4.6,97.122,0.0,0.0,0.245469,0.0,0.532218,0.0,0.0,0.053393
66,56,2024-11-05,45,3,71.39,3.0,17.0,11.0,39.0,11.0,0.0,0.0,14.6,107.022,0.0,0.0,0.245469,0.0,0.532218,0.0,0.0,0.053393
67,57,2023-04-01,121,2,114.0,7.73,22.7,26.7,105.0,0.0,0.0,0.0,0.0,20.8,0.0,0.0,0.810362,0.0,0.0,0.0,0.0,0.0
67,57,2023-07-01,121,2,114.0,7.73,22.7,26.7,105.0,0.0,0.0,0.0,0.0,20.8,0.0,0.0,0.81489,0.0,0.0,0.0,0.0,0.0
67,57,2023-11-21,121,2,114.0,7.73,22.7,26.7,105.0,0.0,0.0,0.0,0.0,20.8,0.0,0.0,0.745317,0.0,0.0,0.0,0.0,0.0
67,57,2024-07-10,121,2,114.0,7.73,22.7,26.7,105.0,0.0,0.0,0.0,0.0,21.6,0.0,0.0,0.745317,0.0,0.0,0.0,0.0,0.0
68,58,2023-04-01,116,1,1.5,25.2,0.0,0.0,0.0,22.0,0.0,29.0,6.0,50.18,1.0,0.0,1.708757,0.0,0.0,0.0,0.0,0.0
68,58,2023-04-02,116,1,1.5,25.2,0.0,0.0,0.0,22.0,0.0,29.0,6.0,50.78,1.0,0.0,1.708757,0.0,0.0,0.0,0.0,0.0
68,58,2023-07-07,116,1,1.5,25.2,0.0,0.0,0.0,22.0,0.0,29.0,6.0,50.78,1.0,0.0,1.65042,0.0,0.0,0.0,0.0,0.0
69,10,2023-04-01,51,0,64.0,2.8,12.2,8.0,36.0,0.0,0.0,0.0,22.5,20.783,0.0,0.0,0.0,0.0,0.0,0.0,0.0,0.0
69,10,2023-07-03,51,0,64.0,2.8,12.2,8.0,36.0,0.0,0.0,0.0,23.78,20.783,0.0,0.0,0.0,0.0,0.0,0.0,0.0,0.0
69,10,2023-07-25,51,0,64.0,2.8,12.2,8.0,36.0,0.0,0.0,0.0,23.78,27.371,0.0,0.0,0.0,0.0,0.0,0.0,0.0,0.0
69,10,2023-08-28,51,0,64.0,2.8,12.2,8.0,36.0,0.0,0.0,0.0,25.7,31.971,0.0,0.0,0.0,0.0,0.0,0.0,0.0,0.0
69,10,2024-02-02,51,0,64.0,2.8,12.2,26.0,36.0,0.0,0.0,0.0,25.7,31.971,0.0,0.0,0.0,0.0,0.0,0.0,0.0,0.0
69,10,2024-04-03,51,0,64.0,2.8,12.2,26.0,36.0,0.0,0.0,0.0,29.79,41.971,0.0,0.0,0.0,0.0,0.0,0.0,0.0,0.0
69,10,2024-04-05,51,0,64.0,2.8,12.2,26.0,36.0,0.0,0.0,0.0,39.79,51.931,0.0,0.0,0.0,0.0,0.0,0.0,0.0,0.0
69,10,2024-06-10,51,0,64.0,2.8,12.2,26.0,36.0,11.0,0.0,0.0,39.79,51.931,0.0,0.0,0.0,0.0,0.0,0.0,0.0,0.0
70,59,2023-04-01,18,2,129.0,0.0,0.0,10.0,0.0,0.0,0.0,0.0,0.0,0.0,0.0,1.384589,0.0,0.0,0.0,0.0,3.184306,0.0
70,59,2023-05-01,18,2,129.0,0.0,0.0,10.0,0.0,0.0,0.0,0.0,0.0,0.0,0.0,1.384589,0.0,0.0,0.0,0.0,3.201882,0.0
70,59,2023-06-01,18,2,129.0,0.0,0.0,10.0,0.0,0.0,0.0,0.0,0.0,0.0,0.0,1.384589,0.0,0.0,0.0,0.0,3.773611,0.0
70,59,2023-07-01,18,2,129.0,0.0,0.0,10.0,0.0,0.0,0.0,0.0,0.0,0.0,0.0,1.384589,0.0,0.0,0.0,0.0,3.949866,0.0
70,59,2023-08-01,18,2,129.0,0.0,0.0,10.0,0.0,0.0,0.0,0.0,0.0,0.0,0.0,1.384589,0.0,0.0,0.0,0.0,3.800538,0.0
70,59,2023-09-01,18,2,129.0,0.0,0.0,10.0,0.0,0.0,0.0,0.0,0.0,0.0,0.0,1.384589,0.0,0.0,0.0,0.0,3.725,0.0
70,59,2023-10-01,18,2,129.0,0.0,0.0,10.0,0.0,0.0,0.0,0.0,0.0,0.0,0.0,1.384589,0.0,0.0,0.0,0.0,3.228091,0.0
70,59,2023-11-01,18,2,129.0,0.0,0.0,10.0,0.0,0.0,0.0,0.0,0.0,0.0,0.0,1.384589,0.0,0.0,0.0,0.0,3.191389,0.0
70,59,2023-12-01,18,2,129.0,0.0,0.0,10.0,0.0,0.0,0.0,0.0,0.0,0.0,0.0,1.384589,0.0,0.0,0.0,0.0,3.217876,0.0
70,59,2024-01-01,18,2,129.0,0.0,0.0,10.0,0.0,0.0,0.0,0.0,0.0,0.0,0.0,1.829235,0.0,0.0,0.0,0.0,3.356586,0.0
70,59,2024-02-01,18,2,129.0,0.0,0.0,10.0,0.0,0.0,0.0,0.0,0.0,0.0,0.0,1.829235,0.0,0.0,0.0,0.0,3.461351,0.0
70,59,2024-03-01,18,2,129.0,0.0,0.0,10.0,0.0,0.0,0.0,0.0,0.0,0.0,0.0,1.829235,0.0,0.0,0.0,0.0,3.377554,0.0
70,59,2024-04-01,18,2,129.0,0.0,0.0,10.0,0.0,0.0,0.0,0.0,0.0,0.0,0.0,1.829235,0.0,0.0,0.0,0.0,3.537778,0.0
70,59,2024-05-01,18,2,129.0,0.0,0.0,10.0,0.0,0.0,0.0,0.0,0.0,0.0,0.0,1.829235,0.0,0.0,0.0,0.0,3.085081,0.0
70,59,2024-06-01,18,2,129.0,0.0,0.0,10.0,0.0,0.0,0.0,0.0,0.0,0.0,0.0,1.829235,0.0,0.0,0.0,0.0,3.662778,0.0
70,59,2024-07-01,18,2,129.0,0.0,0.0,10.0,0.0,0.0,0.0,0.0,0.0,0.0,0.0,1.829235,0.0,0.0,0.0,0.0,4.307124,0.0
70,59,2024-08-01,18,2,129.0,0.0,0.0,10.0,0.0,0.0,0.0,0.0,0.0,0.0,0.0,1.829235,0.0,0.0,0.0,0.0,3.968817,0.0
70,59,2024-09-01,18,2,129.0,0.0,0.0,10.0,0.0,0.0,0.0,0.0,0.0,0.0,0.0,1.829235,0.0,0.0,0.0,0.0,3.615694,0.0
70,59,2024-10-01,18,2,129.0,0.0,0.0,10.0,0.0,0.0,0.0,0.0,0.0,0.0,0.0,1.829235,0.0,0.0,0.0,0.0,3.383468,0.0
70,59,2024-11-01,18,2,129.0,0.0,0.0,10.0,0.0,0.0,0.0,0.0,0.0,0.0,0.0,1.829235,0.0,0.0,0.0,0.0,3.334444,0.0
70,59,2024-12-01,18,2,129.0,0.0,0.0,10.0,0.0,0.0,0.0,0.0,0.0,0.0,0.0,1.829235,0.0,0.0,0.0,0.0,3.063038,0.0
70,59,2025-01-01,18,2,129.0,0.0,0.0,10.0,0.0,0.0,0.0,0.0,0.0,0.0,0.0,1.829235,0.0,0.0,0.0,0.0,3.326613,0.0
70,59,2025-02-01,18,2,129.0,0.0,0.0,10.0,0.0,0.0,0.0,0.0,0.0,0.0,0.0,1.829235,0.0,0.0,0.0,0.0,3.328274,0.0
70,59,2025-03-01,18,2,129.0,0.0,0.0,10.0,0.0,0.0,0.0,0.0,0.0,0.0,0.0,1.829235,0.0,0.0,0.0,0.0,3.383737,0.0
71,60,2023-04-01,20,1,0.0,85.58,104.4,40.3,0.0,33.0,0.0,0.0,30.35,53.666,0.0,0.0,3.771347,0.0,0.0,0.0,0.0,0.0
71,60,2023-09-15,20,1,0.0,85.58,104.4,40.3,0.0,33.0,0.0,0.0,30.35,68.666,0.0,0.0,3.771347,0.0,0.0,0.0,0.0,0.0
71,60,2023-10-24,20,1,0.0,85.58,104.4,40.3,0.0,33.0,0.0,0.0,30.35,80.666,0.0,0.0,3.771347,0.0,0.0,0.0,0.0,0.0
71,60,2023-10-27,20,1,0.0,85.58,104.4,40.3,0.0,33.0,0.0,0.0,30.35,84.491,0.0,0.0,3.771347,0.0,0.0,0.0,0.0,0.0
71,60,2023-11-01,20,1,0.0,85.58,104.4,40.3,0.0,33.0,0.0,0.0,30.35,84.491,0.0,0.0,3.625342,0.0,0.0,0.0,0.0,0.0
72,53,2023-04-01,92,0,0.0,3.5,0.0,0.0,0.0,33.0,0.0,0.0,2.5,26.04,0.0,0.0,0.0,0.0,0.0,0.0,0.0,0.0
72,53,2023-05-24,92,0,0.0,3.5,0.0,0.0,0.0,33.0,0.0,0.0,2.5,26.64,0.0,0.0,0.0,0.0,0.0,0.0,0.0,0.0
72,53,2023-06-02,92,0,0.0,3.5,0.0,0.0,0.0,44.0,0.0,0.0,2.5,26.64,0.0,0.0,0.0,0.0,0.0,0.0,0.0,0.0
72,53,2023-08-11,92,0,0.0,3.5,0.0,0.0,0.0,55.0,0.0,0.0,2.5,26.64,0.0,0.0,0.0,0.0,0.0,0.0,0.0,0.0
72,53,2024-04-03,92,0,0.0,3.5,0.0,0.0,0.0,55.0,0.0,0.0,7.5,36.64,0.0,0.0,0.0,0.0,0.0,0.0,0.0,0.0
73,40,2023-04-01,30,4,166.5,0.0,23.98,2.0,0.0,11.0,0.0,0.0,5.0,20.848,0.0,0.0,0.0,0.229795,0.0,0.0,7.920213,0.226758
73,40,2023-05-01,30,4,166.5,0.0,23.98,2.0,0.0,11.0,0.0,0.0,5.0,20.848,0.0,0.0,0.0,0.229795,0.0,0.0,8.20782,0.226758
73,40,2023-06-01,30,4,166.5,0.0,23.98,2.0,0.0,11.0,0.0,0.0,5.0,20.848,0.0,0.0,0.0,0.229795,0.0,0.0,8.999657,0.226758
73,40,2023-07-01,30,4,166.5,0.0,23.98,2.0,0.0,11.0,0.0,0.0,5.0,20.848,0.0,0.0,0.0,0.229795,0.0,0.0,9.036584,0.226758
73,40,2023-08-01,30,4,166.5,0.0,23.98,2.0,0.0,11.0,0.0,0.0,5.0,20.848,0.0,0.0,0.0,0.229795,0.0,0.0,8.626503,0.226758
73,40,2023-09-01,30,4,166.5,0.0,23.98,2.0,0.0,11.0,0.0,0.0,5.0,20.848,0.0,0.0,0.0,0.229795,0.0,0.0,8.615352,0.226758
73,40,2023-10-01,30,4,166.5,0.0,23.98,2.0,0.0,11.0,0.0,0.0,5.0,20.848,0.0,0.0,0.0,0.229795,0.0,0.0,7.973277,0.226758
73,40,2023-11-01,30,4,166.5,0.0,23.98,2.0,0.0,11.0,0.0,0.0,5.0,20.848,0.0,0.0,0.0,0.229795,0.0,0.0,7.957574,0.226758
73,40,2023-11-09,30,4,166.5,0.0,23.98,2.0,0.0,11.0,0.0,0.0,5.0,20.848,0.0,0.0,0.0,0.493998,0.0,0.0,8.32837,0.226758
73,40,2023-12-01,30,4,166.5,0.0,23.98,2.0,0.0,11.0,0.0,0.0,5.0,20.848,0.0,0.0,0.0,0.493998,0.0,0.0,8.194073,0.226758
73,40,2024-01-01,30,4,166.5,0.0,23.98,2.0,0.0,11.0,0.0,0.0,5.0,20.848,0.0,0.0,0.0,0.493998,0.0,0.0,8.167191,0.233333
73,40,2024-02-01,30,4,166.5,0.0,23.98,2.0,0.0,11.0,0.0,0.0,5.0,20.848,0.0,0.0,0.0,0.493998,0.0,0.0,8.129256,0.233333
73,40,2024-03-01,30,4,166.5,0.0,23.98,2.0,0.0,11.0,0.0,0.0,5.0,20.848,0.0,0.0,0.0,0.493998,0.0,0.0,8.280901,0.233333
73,40,2024-04-01,30,4,166.5,0.0,23.98,2.0,0.0,11.0,0.0,0.0,5.0,20.848,0.0,0.0,0.0,0.493998,0.0,0.0,8.331564,0.233333
73,40,2024-05-01,30,4,166.5,0.0,23.98,2.0,0.0,11.0,0.0,0.0,5.0,20.848,0.0,0.0,0.0,0.493998,0.0,0.0,8.373912,0.233333
73,40,2024-05-11,30,4,166.5,0.0,23.98,2.0,0.0,11.0,0.0,0.0,5.0,21.648,0.0,0.0,0.0,0.493998,0.0,0.0,8.373912,0.233333
73,40,2024-06-01,30,4,166.5,0.0,23.98,2.0,0.0,11.0,0.0,0.0,5.0,21.648,0.0,0.0,0.0,0.493998,0.0,0.0,8.602814,0.233333
73,40,2024-07-01,30,4,166.5,0.0,23.98,2.0,0.0,11.0,0.0,0.0,5.0,21.648,0.0,0.0,0.0,0.493998,0.0,0.0,8.958052,0.233333
73,40,2024-08-01,30,4,166.5,0.0,23.98,2.0,0.0,11.0,0.0,0.0,5.0,21.648,0.0,0.0,0.0,0.493998,0.0,0.0,9.58857,0.233333
73,40,2024-11-09,30,4,166.5,0.0,23.98,2.0,0.0,11.0,0.0,0.0,5.0,21.648,0.0,0.0,0.0,0.493998,0.0,0.0,10.690756,0.233333
73,40,2024-11-21,30,4,166.5,0.0,23.98,2.0,0.0,11.0,0.0,0.0,5.0,21.648,0.0,0.0,0.0,0.493998,0.0,0.0,7.457422,0.233333
73,40,2024-11-22,30,4,166.5,0.0,23.98,2.0,0.0,11.0,0.0,0.0,5.0,21.648,0.0,0.0,0.0,0.493998,0.0,0.0,10.117839,0.233333
73,40,2024-12-01,30,4,166.5,0.0,23.98,2.0,0.0,11.0,0.0,0.0,5.0,21.648,0.0,0.0,0.0,0.493998,0.0,0.0,8.829308,0.233333
74,61,2023-04-01,17,6,0.0,0.0,0.0,0.0,0.0,0.0,0.0,0.0,0.0,0.0,0.0,2.4259,0.25256,0.0,0.0,6.075081,0.0,0.0
74,61,2023-05-25,17,6,0.0,0.0,0.0,0.0,0.0,0.0,0.0,0.0,0.0,0.0,0.0,0.432885,0.228857,0.0,0.0,5.835617,0.0,0.0
74,61,2023-06-16,17,6,0.0,0.0,0.0,0.0,0.0,0.0,0.0,0.0,0.0,0.0,0.0,0.432885,0.228857,0.0,0.0,4.607556,0.0,0.0
74,61,2023-10-30,17,6,0.0,0.0,0.0,0.0,0.0,0.0,0.0,0.0,0.0,0.0,0.0,3.939402,0.228857,0.0,0.0,4.607556,0.0,0.0
74,61,2023-10-31,17,6,0.0,0.0,0.0,0.0,0.0,0.0,0.0,0.0,0.0,0.0,0.0,3.939402,0.161264,0.0,0.0,3.025114,0.0,0.0
74,61,2023-11-10,17,6,0.0,0.0,0.0,0.0,0.0,0.0,0.0,0.0,0.0,0.0,0.0,3.939402,0.161264,0.0,0.0,3.031887,0.0,0.0
74,61,2024-01-25,17,6,0.0,0.0,0.0,0.0,0.0,0.0,0.0,0.0,0.0,0.0,0.0,3.939402,0.158809,0.0,0.0,3.031887,0.0,0.0
74,61,2024-05-10,17,6,0.0,0.0,0.0,0.0,0.0,0.0,0.0,0.0,0.0,0.0,0.0,3.939402,0.133635,0.0,0.0,3.031887,0.0,0.0
75,62,2023-04-01,70,2,132.2,7.69,0.0,13.0,24.0,0.0,0.0,0.0,3.75,12.51,0.0,0.0,0.0,0.0,0.52258,0.0,0.0,0.349772
75,62,2023-05-01,70,2,132.2,7.69,0.0,13.0,24.0,0.0,0.0,0.0,3.75,36.81,0.0,0.0,0.0,0.0,0.52258,0.0,0.0,0.349772
75,62,2023-11-01,70,2,132.2,7.69,0.0,13.0,24.0,0.0,0.0,0.0,3.75,36.81,0.0,0.0,0.0,0.0,0.52258,0.0,0.0,0.695252
75,62,2024-01-01,70,2,132.2,7.69,0.0,13.0,24.0,0.0,0.0,0.0,3.75,36.81,0.0,0.0,0.0,0.0,0.838718,0.0,0.0,0.695252
75,62,2024-04-29,71,2,132.2,7.69,0.0,13.0,24.0,0.0,0.0,0.0,3.75,36.81,0.0,0.0,0.0,0.0,0.838718,0.0,0.0,0.695252
75,62,2024-10-01,71,2,132.2,7.69,0.0,13.0,24.0,0.0,0.0,0.0,7.25,41.81,0.0,0.0,0.0,0.0,0.838718,0.0,0.0,0.695252
75,62,2024-11-04,71,2,132.2,7.69,0.0,13.0,24.0,0.0,0.0,0.0,14.25,51.81,0.0,0.0,0.0,0.0,0.838718,0.0,0.0,0.695252
75,62,2025-01-21,72,2,132.2,7.69,0.0,13.0,24.0,0.0,0.0,0.0,14.25,51.81,0.0,0.0,0.0,0.0,0.838718,0.0,0.0,0.695252
76,44,2023-04-01,22,1,37.0,12.69,1.55,6.0,0.0,0.0,0.0,0.0,2.66,56.477,0.75,0.879662,0.0,0.0,0.0,0.0,0.0,0.0
76,44,2023-05-24,22,1,37.0,12.69,1.55,6.0,0.0,0.0,0.0,0.0,2.66,56.477,0.75,0.534159,0.0,0.0,0.0,0.0,0.0,0.0
76,44,2023-06-24,22,1,37.0,12.69,1.55,6.0,0.0,0.0,0.0,0.0,2.66,57.077,0.75,0.534159,0.0,0.0,0.0,0.0,0.0,0.0
76,44,2023-07-31,22,1,37.0,12.69,1.55,6.0,0.0,0.0,0.0,0.0,9.23,67.077,0.75,0.534159,0.0,0.0,0.0,0.0,0.0,0.0
76,44,2023-11-07,22,1,37.0,12.69,1.55,6.0,0.0,0.0,0.0,0.0,9.23,72.077,0.75,0.534159,0.0,0.0,0.0,0.0,0.0,0.0
76,44,2024-01-01,22,1,37.0,12.69,1.55,6.0,0.0,0.0,0.0,0.0,9.23,72.077,0.75,0.925637,0.0,0.0,0.0,0.0,0.0,0.0
76,44,2024-05-24,22,1,37.0,12.69,1.55,6.0,0.0,0.0,0.0,0.0,9.23,72.077,0.75,0.749625,0.0,0.0,0.0,0.0,0.0,0.0
76,44,2024-07-01,22,1,37.0,12.69,1.55,6.0,0.0,0.0,0.0,0.0,15.8,72.077,0.75,0.749625,0.0,0.0,0.0,0.0,0.0,0.0
76,44,2024-08-26,22,1,37.0,21.89,1.55,6.0,0.0,0.0,0.0,0.0,15.8,72.077,0.75,0.749625,0.0,0.0,0.0,0.0,0.0,0.0
77,63,2023-04-01,18,4,8.6,3.1,0.0,0.0,0.0,22.0,0.0,0.0,3.3,28.347,0.0,0.0,2.418915,0.0,0.0,8.374587,0.0,0.0
77,63,2023-04-05,18,4,8.6,3.1,0.0,0.0,0.0,22.0,0.0,0.0,3.3,58.347,0.0,0.0,2.418915,0.0,0.0,8.374587,0.0,0.0
77,63,2023-10-06,18,4,8.6,3.1,0.0,0.0,0.0,22.0,0.0,0.0,3.3,58.347,0.0,0.0,2.405451,0.0,0.0,8.374587,0.0,0.0
77,63,2023-10-28,18,4,8.6,3.1,0.0,0.0,0.0,22.0,0.0,0.0,3.3,58.347,0.0,0.0,2.392687,0.0,0.0,8.374587,0.0,0.0
77,63,2023-11-10,18,4,8.6,3.1,0.0,0.0,0.0,22.0,0.0,0.0,3.3,58.347,0.0,0.0,2.392687,0.0,0.0,7.595311,0.0,0.0
77,63,2024-10-17,19,4,8.6,3.1,0.0,0.0,0.0,22.0,0.0,0.0,3.3,58.347,0.0,0.0,2.392687,0.0,0.0,7.595311,0.0,0.0
77,63,2024-10-28,19,4,8.6,3.1,0.0,0.0,0.0,22.0,0.0,0.0,3.3,58.347,0.0,0.0,2.675585,0.0,0.0,7.595311,0.0,0.0
77,63,2024-11-15,19,4,8.6,3.1,0.0,0.0,0.0,22.0,0.0,0.0,8.3,68.347,0.0,0.0,2.675585,0.0,0.0,7.595311,0.0,0.0
77,63,2025-03-13,19,4,8.6,3.1,0.0,0.0,0.0,55.0,0.0,0.0,8.3,68.347,0.0,0.0,2.675585,0.0,0.0,7.595311,0.0,0.0
78,64,2023-04-01,8,4,0.0,0.0,0.0,0.0,24.0,0.0,0.0,0.0,0.0,17.654,0.0,6.626944,1.985122,0.0,0.0,0.0,0.0,0.0
78,64,2023-04-19,8,4,0.0,0.0,0.0,0.0,24.0,0.0,0.0,0.0,0.0,17.654,0.0,6.626944,2.640153,0.0,0.0,0.0,0.0,0.0
78,64,2023-05-01,8,4,0.0,0.0,0.0,0.0,24.0,0.0,0.0,0.0,0.0,17.654,0.0,8.381048,2.640153,0.0,0.0,0.0,0.0,0.0
78,64,2023-06-01,8,4,0.0,0.0,0.0,0.0,24.0,0.0,0.0,0.0,0.0,17.654,0.0,9.938472,2.640153,0.0,0.0,0.0,0.0,0.0
78,64,2023-07-01,8,4,0.0,0.0,0.0,0.0,24.0,0.0,0.0,0.0,0.0,17.654,0.0,10.05,2.640153,0.0,0.0,0.0,0.0,0.0
78,64,2023-08-01,8,4,0.0,0.0,0.0,0.0,24.0,0.0,0.0,0.0,0.0,17.654,0.0,9.48078,2.640153,0.0,0.0,0.0,0.0,0.0
78,64,2023-09-01,8,4,0.0,0.0,0.0,0.0,24.0,0.0,0.0,0.0,0.0,17.654,0.0,9.760278,2.640153,0.0,0.0,0.0,0.0,0.0
78,64,2023-10-01,8,4,0.0,0.0,0.0,0.0,24.0,0.0,0.0,0.0,0.0,17.654,0.0,8.076613,2.640153,0.0,0.0,0.0,0.0,0.0
78,64,2023-11-01,8,4,0.0,0.0,0.0,0.0,24.0,0.0,0.0,0.0,0.0,17.654,0.0,6.276944,2.640153,0.0,0.0,0.0,0.0,0.0
78,64,2023-12-01,8,4,0.0,0.0,0.0,0.0,24.0,0.0,0.0,0.0,0.0,17.654,0.0,5.599731,2.640153,0.0,0.0,0.0,0.0,0.0
78,64,2024-01-01,8,4,0.0,0.0,0.0,0.0,24.0,0.0,0.0,0.0,0.0,17.654,0.0,5.192742,2.640153,0.0,0.0,0.0,0.0,0.0
78,64,2024-02-01,8,4,0.0,0.0,0.0,0.0,24.0,0.0,0.0,0.0,0.0,17.654,0.0,6.52342,2.640153,0.0,0.0,0.0,0.0,0.0
78,64,2024-03-01,8,4,0.0,0.0,0.0,0.0,24.0,0.0,0.0,0.0,0.0,17.654,0.0,6.461828,2.640153,0.0,0.0,0.0,0.0,0.0
78,64,2024-04-01,8,4,0.0,0.0,0.0,0.0,24.0,0.0,0.0,0.0,0.0,17.654,0.0,7.060694,2.640153,0.0,0.0,0.0,0.0,0.0
78,64,2024-05-01,8,4,0.0,0.0,0.0,0.0,24.0,0.0,0.0,0.0,0.0,17.654,0.0,8.666129,2.640153,0.0,0.0,0.0,0.0,0.0
78,64,2024-06-01,8,4,0.0,0.0,0.0,0.0,24.0,0.0,0.0,0.0,0.0,17.654,0.0,9.509306,2.640153,0.0,0.0,0.0,0.0,0.0
78,64,2024-07-01,8,4,0.0,0.0,0.0,0.0,24.0,0.0,0.0,0.0,0.0,17.654,0.0,10.445565,2.640153,0.0,0.0,0.0,0.0,0.0
78,64,2024-08-01,8,4,0.0,0.0,0.0,0.0,24.0,0.0,0.0,0.0,0.0,17.654,0.0,10.55,2.640153,0.0,0.0,0.0,0.0,0.0
78,64,2024-09-01,8,4,0.0,0.0,0.0,0.0,24.0,0.0,0.0,0.0,0.0,17.654,0.0,9.140972,2.640153,0.0,0.0,0.0,0.0,0.0
78,64,2024-10-01,8,4,0.0,0.0,0.0,0.0,24.0,0.0,0.0,0.0,0.0,17.654,0.0,7.885215,2.640153,0.0,0.0,0.0,0.0,0.0
78,64,2024-11-01,8,4,0.0,0.0,0.0,0.0,24.0,0.0,0.0,0.0,0.0,17.654,0.0,6.368472,2.640153,0.0,0.0,0.0,0.0,0.0
78,64,2024-12-01,8,4,0.0,0.0,0.0,0.0,24.0,0.0,0.0,0.0,0.0,17.654,0.0,5.64328,2.640153,0.0,0.0,0.0,0.0,0.0
78,64,2025-01-01,8,4,0.0,0.0,0.0,0.0,24.0,0.0,0.0,0.0,0.0,17.654,0.0,5.590457,2.640153,0.0,0.0,0.0,0.0,0.0
78,64,2025-02-01,8,4,0.0,0.0,0.0,0.0,24.0,0.0,0.0,0.0,0.0,17.654,0.0,5.718006,2.640153,0.0,0.0,0.0,0.0,0.0
78,64,2025-03-01,8,4,0.0,0.0,0.0,0.0,24.0,0.0,0.0,0.0,0.0,17.654,0.0,6.405645,2.640153,0.0,0.0,0.0,0.0,0.0
79,65,2023-04-01,23,3,211.5,0.0,38.7,21.0,18.0,0.0,0.0,0.0,12.0,17.24,0.0,0.0,1.494189,0.596597,0.0,0.003902,0.0,0.0
79,65,2023-10-16,23,3,211.5,0.0,38.7,21.0,18.0,0.0,0.0,0.0,12.0,17.24,0.0,0.0,1.494189,0.550685,0.0,0.003902,0.0,0.0
79,65,2023-10-20,23,3,211.5,0.0,38.7,21.0,18.0,0.0,0.0,0.0,12.0,17.24,0.0,0.0,1.494189,0.550685,0.0,0.002533,0.0,0.0
79,65,2023-11-13,23,3,211.5,0.0,38.7,21.0,18.0,11.0,0.0,0.0,12.0,17.24,0.0,0.0,1.494189,0.550685,0.0,0.002533,0.0,0.0
79,65,2024-01-01,23,3,211.5,0.0,38.7,21.0,18.0,11.0,0.0,0.0,12.0,17.24,0.0,0.0,1.471687,0.550685,0.0,0.002533,0.0,0.0
79,65,2024-03-04,23,3,211.5,0.0,38.7,21.0,18.0,11.0,0.0,0.0,17.0,27.24,0.0,0.0,1.471687,0.550685,0.0,0.002533,0.0,0.0
79,65,2024-05-05,23,3,211.5,0.0,38.7,21.0,18.0,11.0,0.0,0.0,17.0,28.04,0.0,0.0,1.471687,0.550685,0.0,0.002533,0.0,0.0
79,65,2024-05-08,23,3,211.5,0.0,38.7,21.0,18.0,11.0,0.0,0.0,23.5,34.54,0.0,0.0,1.471687,0.550685,0.0,0.002533,0.0,0.0
80,66,2023-04-01,24,4,18.0,6.79,135.1,9.0,237.0,11.0,2.9,36.3,0.0,47.6,0.0,0.0,0.4879,0.0,0.0,0.877363,0.0,0.149852
80,66,2023-06-01,24,4,18.0,6.79,135.1,9.0,237.0,11.0,2.9,36.3,0.0,55.6,0.0,0.0,0.4879,0.0,0.0,0.867714,0.0,0.149852
80,66,2023-07-03,24,4,18.0,6.79,135.1,9.0,237.0,11.0,2.9,36.3,4.6,55.6,0.0,0.0,0.4879,0.0,0.0,0.867714,0.0,0.149852
80,66,2023-08-17,24,4,18.0,6.79,135.1,9.0,237.0,22.0,2.9,36.3,4.6,55.6,0.0,0.0,0.4879,0.0,0.0,0.867714,0.0,0.149852
80,66,2024-01-01,24,4,18.0,6.79,135.1,9.0,237.0,22.0,2.9,36.3,4.6,55.6,0.0,0.0,0.487933,0.0,0.0,0.867714,0.0,0.233197
80,66,2024-01-22,25,4,18.0,6.79,135.1,9.0,237.0,22.0,2.9,36.3,4.6,55.6,0.0,0.0,0.487933,0.0,0.0,0.867714,0.0,0.233197
80,66,2024-01-23,25,4,22.5,8.79,135.1,13.5,237.0,22.0,2.9,36.3,4.6,55.6,0.0,0.0,0.487933,0.0,0.0,0.867714,0.0,0.233197
80,66,2024-01-26,25,4,22.5,8.79,135.1,13.5,237.0,22.0,2.9,36.3,10.9,67.4,0.0,0.0,0.487933,0.0,0.0,0.867714,0.0,0.233197
80,66,2024-05-09,25,4,22.5,8.79,135.1,13.5,237.0,22.0,2.9,36.3,15.7,73.4,0.0,0.0,0.487933,0.0,0.0,0.867714,0.0,0.233197
80,66,2024-06-01,25,4,22.5,8.79,135.1,13.5,237.0,22.0,2.9,36.3,15.7,73.4,0.0,0.0,0.487933,0.0,0.0,0.786994,0.0,0.233197
81,67,2023-04-01,23,0,90.2,4.6,23.8,9.0,0.0,22.0,0.0,29.8,10.3,58.44,0.0,0.0,0.0,0.0,0.0,0.0,0.0,0.0
81,67,2023-10-09,23,0,90.2,4.6,23.8,9.0,0.0,22.0,0.0,29.8,15.42,64.44,0.0,0.0,0.0,0.0,0.0,0.0,0.0,0.0
82,68,2023-04-01,17,0,25.0,0.0,30.49,7.0,0.0,0.0,0.0,0.0,0.0,35.85,0.0,0.0,0.0,0.0,0.0,0.0,0.0,0.0
82,68,2023-04-24,17,0,25.0,0.0,30.49,7.0,0.0,0.0,0.0,0.0,10.0,53.85,0.0,0.0,0.0,0.0,0.0,0.0,0.0,0.0
82,68,2023-05-03,17,0,25.0,0.0,30.49,7.0,0.0,0.0,0.0,0.0,14.6,63.85,0.0,0.0,0.0,0.0,0.0,0.0,0.0,0.0
83,31,2023-04-01,40,0,134.0,16.6,12.8,28.0,0.0,0.0,0.0,0.0,3.68,33.39,0.0,0.0,0.0,0.0,0.0,0.0,0.0,0.0
83,31,2023-05-03,40,0,134.0,16.6,12.8,28.0,0.0,0.0,0.0,0.0,3.68,36.39,0.0,0.0,0.0,0.0,0.0,0.0,0.0,0.0
83,31,2023-10-06,40,0,134.0,16.6,12.8,28.0,0.0,11.0,0.0,0.0,3.68,36.39,0.0,0.0,0.0,0.0,0.0,0.0,0.0,0.0
83,31,2024-01-04,40,0,134.0,16.6,12.8,28.0,0.0,22.0,0.0,0.0,3.68,36.39,0.0,0.0,0.0,0.0,0.0,0.0,0.0,0.0
83,31,2024-03-04,40,0,134.0,16.6,12.8,28.0,0.0,22.0,0.0,0.0,12.68,46.39,0.0,0.0,0.0,0.0,0.0,0.0,0.0,0.0
83,31,2024-05-20,40,0,134.0,16.6,12.8,28.0,0.0,22.0,0.0,0.0,12.68,46.99,0.0,0.0,0.0,0.0,0.0,0.0,0.0,0.0
83,31,2024-05-23,40,0,134.0,22.6,12.8,28.0,0.0,22.0,0.0,0.0,12.68,46.99,0.0,0.0,0.0,0.0,0.0,0.0,0.0,0.0
84,69,2023-04-01,7,7,0.0,0.0,0.0,0.0,0.0,0.0,0.0,0.0,0.0,44.33,0.0,0.0,4.324364,0.0,7.039306,0.0,0.0,0.0
84,69,2023-04-28,7,7,0.0,0.0,0.0,0.0,0.0,0.0,0.0,0.0,0.0,44.33,0.0,0.0,3.764916,0.0,7.039306,0.0,0.0,0.0
84,69,2023-05-01,7,7,0.0,0.0,0.0,0.0,0.0,0.0,0.0,0.0,0.0,44.33,0.0,0.0,3.764916,0.0,7.056183,0.0,0.0,0.0
84,69,2023-05-17,7,7,0.0,0.0,0.0,0.0,0.0,0.0,0.0,0.0,0.0,44.33,0.0,0.0,3.715409,0.0,7.056183,0.0,0.0,0.0
84,69,2023-05-18,7,7,0.0,0.0,0.0,0.0,0.0,0.0,0.0,0.0,0.0,44.33,0.0,0.0,3.714239,0.0,7.056183,0.0,0.0,0.0
84,69,2023-05-22,7,7,0.0,0.0,0.0,0.0,0.0,0.0,0.0,0.0,0.0,44.33,0.0,0.0,3.706909,0.0,7.056183,0.0,0.0,0.0
84,69,2023-06-01,7,7,0.0,0.0,0.0,0.0,0.0,0.0,0.0,0.0,0.0,44.33,0.0,0.0,3.633419,0.0,7.618452,0.0,0.0,0.0
84,69,2023-06-05,7,7,0.0,0.0,0.0,0.0,0.0,0.0,0.0,0.0,0.0,44.33,0.0,0.0,3.632632,0.0,7.618452,0.0,0.0,0.0
84,69,2023-06-15,7,7,0.0,0.0,0.0,0.0,0.0,0.0,0.0,0.0,0.0,44.33,0.0,0.0,3.632632,0.0,7.775781,0.0,0.0,0.0
84,69,2023-07-01,7,7,0.0,0.0,0.0,0.0,0.0,0.0,0.0,0.0,0.0,44.33,0.0,0.0,3.632632,0.0,7.798118,0.0,0.0,0.0
84,69,2023-08-01,7,7,0.0,0.0,0.0,0.0,0.0,0.0,0.0,0.0,0.0,44.33,0.0,0.0,3.632632,0.0,7.474731,0.0,0.0,0.0
84,69,2023-09-01,7,7,0.0,0.0,0.0,0.0,0.0,0.0,0.0,0.0,0.0,44.33,0.0,0.0,3.632632,0.0,7.160139,0.0,0.0,0.0
84,69,2023-09-05,7,7,0.0,0.0,0.0,0.0,0.0,0.0,0.0,0.0,0.0,44.33,0.0,0.0,4.733568,0.0,7.160139,0.0,0.0,0.0
84,69,2023-10-01,7,7,0.0,0.0,0.0,0.0,0.0,0.0,0.0,0.0,0.0,44.33,0.0,0.0,4.733568,0.0,6.718548,0.0,0.0,0.0
84,69,2023-11-01,7,7,0.0,0.0,0.0,0.0,0.0,0.0,0.0,0.0,0.0,44.33,0.0,0.0,4.733568,0.0,7.498194,0.0,0.0,0.0
84,69,2023-12-01,7,7,0.0,0.0,0.0,0.0,0.0,0.0,0.0,0.0,0.0,44.33,0.0,0.0,4.733568,0.0,7.473522,0.0,0.0,0.0
84,69,2024-01-01,7,7,0.0,0.0,0.0,0.0,0.0,0.0,0.0,0.0,0.0,44.33,0.0,0.0,4.733568,0.0,7.923253,0.0,0.0,0.0
84,69,2024-01-05,7,7,0.0,0.0,0.0,0.0,0.0,0.0,0.0,0.0,0.0,44.33,0.0,0.0,4.952001,0.0,7.923253,0.0,0.0,0.0
84,69,2024-02-01,7,7,0.0,0.0,0.0,0.0,0.0,0.0,0.0,0.0,0.0,44.33,0.0,0.0,4.952001,0.0,7.393391,0.0,0.0,0.0
84,69,2024-03-01,7,7,0.0,0.0,0.0,0.0,0.0,0.0,0.0,0.0,0.0,44.33,0.0,0.0,4.952001,0.0,7.385887,0.0,0.0,0.0
84,69,2024-04-01,7,7,0.0,0.0,0.0,0.0,0.0,0.0,0.0,0.0,0.0,44.33,0.0,0.0,4.952001,0.0,7.702167,0.0,0.0,0.0
84,69,2024-04-26,7,7,0.0,0.0,0.0,0.0,0.0,0.0,0.0,0.0,0.0,44.33,0.0,0.0,4.512223,0.0,7.819167,0.0,0.0,0.0
84,69,2024-05-01,7,7,0.0,0.0,0.0,0.0,0.0,0.0,0.0,0.0,0.0,44.33,0.0,0.0,4.512223,0.0,7.576075,0.0,0.0,0.0
84,69,2024-05-23,7,7,0.0,0.0,0.0,0.0,0.0,0.0,0.0,0.0,0.0,44.33,0.0,0.0,4.433864,0.0,7.576075,0.0,0.0,0.0
84,69,2024-06-01,7,7,0.0,0.0,0.0,0.0,0.0,0.0,0.0,0.0,0.0,44.33,0.0,0.0,4.275169,0.0,8.617222,0.0,0.0,0.0
84,69,2024-07-01,7,7,0.0,0.0,0.0,0.0,0.0,0.0,0.0,0.0,0.0,44.33,0.0,0.0,4.275169,0.0,8.698656,0.0,0.0,0.0
84,69,2024-07-30,7,7,0.0,0.0,0.0,0.0,0.0,0.0,0.0,0.0,0.0,44.33,0.0,0.0,4.276872,0.0,8.698656,0.0,0.0,0.0
84,69,2024-08-01,7,7,0.0,0.0,0.0,0.0,0.0,0.0,0.0,0.0,0.0,44.33,0.0,0.0,4.276872,0.0,8.965457,0.0,0.0,0.0
84,69,2024-09-01,7,7,0.0,0.0,0.0,0.0,0.0,0.0,0.0,0.0,0.0,44.33,0.0,0.0,4.276872,0.0,7.359444,0.0,0.0,0.0
84,69,2024-09-13,7,7,0.0,0.0,0.0,0.0,0.0,22.0,0.0,0.0,0.0,44.33,0.0,0.0,4.276872,0.0,7.359444,0.0,0.0,0.0
84,69,2024-10-01,7,7,0.0,0.0,0.0,0.0,0.0,22.0,0.0,0.0,0.0,44.33,0.0,0.0,4.276872,0.0,7.710349,0.0,0.0,0.0
84,69,2024-11-01,7,7,0.0,0.0,0.0,0.0,0.0,22.0,0.0,0.0,0.0,44.33,0.0,0.0,4.276872,0.0,7.897083,0.0,0.0,0.0
84,69,2024-12-01,7,7,0.0,0.0,0.0,0.0,0.0,22.0,0.0,0.0,0.0,44.33,0.0,0.0,4.276872,0.0,7.922715,0.0,0.0,0.0
84,69,2025-01-01,7,7,0.0,0.0,0.0,0.0,0.0,22.0,0.0,0.0,0.0,44.33,0.0,0.0,4.276872,0.0,7.827688,0.0,0.0,0.0
84,69,2025-02-01,7,7,0.0,0.0,0.0,0.0,0.0,22.0,0.0,0.0,0.0,44.33,0.0,0.0,4.276872,0.0,7.709821,0.0,0.0,0.0
84,69,2025-03-01,7,7,0.0,0.0,0.0,0.0,0.0,22.0,0.0,0.0,0.0,44.33,0.0,0.0,4.276872,0.0,8.15336,0.0,0.0,0.0
85,70,2023-04-01,22,3,63.0,0.0,0.0,17.0,24.0,0.0,0.0,0.0,2.5,10.0,0.0,0.0,0.351202,3.789017,0.0,0.006982,0.0,0.0
85,70,2023-09-19,22,3,63.0,0.0,0.0,17.0,24.0,0.0,0.0,0.0,2.5,10.0,0.0,0.0,0.283043,3.789017,0.0,0.006982,0.0,0.0
85,70,2023-09-30,22,3,63.0,0.0,0.0,17.0,24.0,0.0,0.0,0.0,2.5,10.0,0.0,0.0,0.283043,3.852894,0.0,0.006982,0.0,0.0
85,70,2023-10-01,22,3,63.0,0.0,0.0,17.0,24.0,0.0,0.0,0.0,2.5,10.0,0.0,0.0,0.283043,3.852894,0.0,0.315778,0.0,0.0
85,70,2024-02-08,22,3,63.0,0.0,0.0,17.0,24.0,0.0,0.0,0.0,2.5,10.0,0.0,0.0,0.283043,2.038041,0.0,0.315778,0.0,0.0
85,70,2024-02-10,22,3,63.0,0.0,0.0,17.0,24.0,0.0,0.0,0.0,2.5,10.0,0.0,0.0,0.283043,4.045751,0.0,0.315778,0.0,0.0
85,70,2024-04-01,22,3,63.0,0.0,0.0,17.0,24.0,0.0,0.0,0.0,2.5,10.0,0.0,0.0,0.283043,3.664914,0.0,0.315778,0.0,0.0
86,71,2023-04-01,0,2,0.0,0.0,0.0,0.0,0.0,0.0,0.0,0.0,0.0,56.0,0.0,0.185668,9.167906,0.0,0.0,0.0,0.0,0.0
86,71,2023-05-25,0,2,0.0,0.0,0.0,0.0,0.0,0.0,0.0,0.0,0.0,56.0,0.0,0.185668,9.385925,0.0,0.0,0.0,0.0,0.0
86,71,2023-05-27,0,2,0.0,0.0,0.0,0.0,0.0,0.0,0.0,0.0,0.0,56.0,0.0,0.07049,9.385925,0.0,0.0,0.0,0.0,0.0
86,71,2024-01-01,0,2,0.0,0.0,0.0,0.0,0.0,0.0,0.0,0.0,0.0,56.0,0.0,0.07049,13.630083,0.0,0.0,0.0,0.0,0.0
86,71,2024-03-01,0,2,0.0,0.0,0.0,0.0,0.0,0.0,0.0,0.0,0.0,56.0,0.0,0.07197,13.630083,0.0,0.0,0.0,0.0,0.0
86,71,2024-03-16,0,2,0.0,0.0,0.0,0.0,0.0,0.0,0.0,0.0,0.0,56.0,0.0,0.07197,9.447785,0.0,0.0,0.0,0.0,0.0
87,57,2023-04-01,68,0,72.0,4.9,14.0,14.0,0.0,0.0,0.0,0.0,6.0,14.0,0.0,0.0,0.0,0.0,0.0,0.0,0.0,0.0
87,57,2023-06-26,68,0,72.0,4.9,14.0,14.0,0.0,0.0,0.0,0.0,11.0,22.0,0.0,0.0,0.0,0.0,0.0,0.0,0.0,0.0
87,57,2023-08-09,72,0,72.0,4.9,14.0,14.0,0.0,0.0,0.0,0.0,11.0,22.0,0.0,0.0,0.0,0.0,0.0,0.0,0.0,0.0
87,57,2024-06-01,72,0,72.0,4.9,14.0,14.0,0.0,11.0,0.0,0.0,11.0,22.0,0.0,0.0,0.0,0.0,0.0,0.0,0.0,0.0
88,15,2023-04-01,17,2,0.0,10.3,64.1,4.0,21.0,11.0,1.4,94.0,0.0,16.378,5.5,0.0,0.0,0.0,0.0,2.943721,0.0,0.0
88,15,2024-02-02,17,2,0.0,10.3,64.1,4.0,21.0,11.0,1.4,94.0,0.0,16.378,5.5,0.0,0.0,0.0,0.0,2.64637,0.0,0.0
88,15,2024-11-04,19,2,0.0,10.3,64.1,4.0,21.0,11.0,1.4,94.0,0.0,16.378,5.5,0.0,0.0,0.0,0.0,2.64637,0.0,0.0
88,15,2024-12-01,19,2,0.0,10.3,64.1,4.0,21.0,11.0,1.4,94.0,0.0,16.378,5.5,0.0,0.0,0.0,0.0,1.624537,0.0,0.0
88,15,2024-12-19,19,2,0.0,10.3,64.1,4.0,21.0,11.0,1.4,94.0,4.0,28.258,5.5,0.0,0.0,0.0,0.0,1.624537,0.0,0.0
88,15,2025-01-07,19,2,6.2,13.3,64.1,4.0,21.0,11.0,1.4,94.0,4.0,28.258,5.5,0.0,0.0,0.0,0.0,1.624537,0.0,0.0
89,72,2023-04-01,75,10,106.0,3.78,12.0,11.0,86.0,0.0,0.0,0.0,1.8,47.194,0.0,0.305084,2.982612,0.0,0.0,0.029406,0.0,0.0
89,72,2023-04-21,75,10,106.0,3.78,12.0,11.0,86.0,0.0,0.0,0.0,1.8,47.194,0.0,0.305084,2.952131,0.0,0.0,0.029406,0.0,0.0
89,72,2023-07-20,75,10,106.0,3.78,12.0,11.0,86.0,0.0,0.0,0.0,5.5,57.074,0.0,0.305084,2.952131,0.0,0.0,0.029406,0.0,0.0
89,72,2023-11-24,75,10,106.0,3.78,12.0,11.0,86.0,0.0,0.0,0.0,5.5,57.074,0.0,0.305084,2.952276,0.0,0.0,0.029406,0.0,0.0
89,72,2023-12-06,75,10,106.0,3.78,12.0,11.0,86.0,0.0,0.0,0.0,5.5,57.074,0.0,0.305084,2.619014,0.0,0.0,0.029406,0.0,0.0
89,72,2023-12-14,75,10,106.0,3.78,12.0,11.0,86.0,0.0,0.0,0.0,5.5,57.074,0.0,0.305084,2.618043,0.0,0.0,0.029406,0.0,0.0
89,72,2023-12-19,75,10,106.0,3.78,12.0,11.0,86.0,0.0,0.0,0.0,5.5,57.074,0.0,0.305084,2.618043,0.0,0.0,0.032719,0.0,0.0
89,72,2023-12-25,75,10,106.0,3.78,12.0,11.0,86.0,0.0,0.0,0.0,5.5,57.074,0.0,0.251398,2.576322,0.0,0.0,0.032719,0.0,0.0
89,72,2023-12-29,75,10,106.0,3.78,12.0,11.0,86.0,0.0,0.0,0.0,5.5,57.074,0.0,0.26628,2.576322,0.0,0.0,0.032719,0.0,0.0
89,72,2024-01-01,75,10,106.0,3.78,12.0,11.0,86.0,0.0,0.0,0.0,5.5,57.074,0.0,0.26628,2.547222,0.0,0.0,0.032719,0.0,0.0
89,72,2024-04-06,75,10,106.0,3.78,12.0,11.0,86.0,0.0,0.0,0.0,5.5,57.074,0.0,0.26628,2.395367,0.0,0.0,0.032719,0.0,0.0
89,72,2024-04-19,75,10,106.0,3.78,12.0,11.0,86.0,0.0,0.0,0.0,5.5,57.074,0.0,0.26628,2.743123,0.0,0.0,0.027766,0.0,0.0
89,72,2024-05-02,75,10,106.0,3.78,12.0,11.0,86.0,0.0,0.0,0.0,5.5,57.074,0.0,0.26628,2.655237,0.0,0.0,0.027766,0.0,0.0
90,73,2023-04-01,16,0,115.0,0.0,0.0,12.0,0.0,0.0,0.0,0.0,11.4,22.938,0.0,0.0,0.0,0.0,0.0,0.0,0.0,0.0
90,73,2023-05-15,16,0,115.0,0.0,0.0,12.0,0.0,0.0,0.0,0.0,13.8,22.938,0.0,0.0,0.0,0.0,0.0,0.0,0.0,0.0
90,73,2024-07-28,16,0,115.0,0.0,0.0,12.0,0.0,0.0,0.0,0.0,13.8,23.738,0.0,0.0,0.0,0.0,0.0,0.0,0.0,0.0
91,72,2023-04-01,6,13,73.0,0.0,0.0,18.0,0.0,0.0,0.0,0.0,0.0,0.0,0.0,0.681404,4.562958,0.287067,0.390297,1.616249,0.0,1.937313
91,72,2023-09-14,6,13,73.0,0.0,0.0,18.0,0.0,0.0,0.0,0.0,0.0,0.0,0.0,0.681404,4.534926,0.287067,0.390297,1.616249,0.0,1.937313
91,72,2023-12-02,6,13,73.0,0.0,0.0,18.0,0.0,0.0,0.0,0.0,0.0,0.0,0.0,0.681404,4.502179,0.287067,0.390297,1.616249,0.0,1.937313
91,72,2023-12-05,6,13,73.0,0.0,0.0,18.0,0.0,0.0,0.0,0.0,0.0,0.0,0.0,0.681404,4.569645,0.287067,0.390297,1.616249,0.0,1.937313
91,72,2023-12-07,6,13,73.0,0.0,0.0,18.0,0.0,0.0,0.0,0.0,0.0,0.0,0.0,0.681404,4.569645,0.287067,0.390297,2.819331,0.0,1.937313
91,72,2023-12-12,6,13,73.0,0.0,0.0,18.0,0.0,0.0,0.0,0.0,0.0,0.0,0.0,0.681404,4.569645,0.287067,0.390297,2.819331,0.0,1.947395
91,72,2023-12-20,6,13,73.0,0.0,0.0,18.0,0.0,0.0,0.0,0.0,0.0,0.0,0.0,0.681404,4.569645,0.287067,0.390297,2.819331,0.0,1.960474
91,72,2023-12-24,6,13,73.0,0.0,0.0,18.0,0.0,0.0,0.0,0.0,0.0,0.0,0.0,0.710564,4.569645,0.287067,0.390297,2.819331,0.0,1.960474
91,72,2023-12-25,6,13,73.0,0.0,0.0,18.0,0.0,0.0,0.0,0.0,0.0,0.0,0.0,0.710664,4.569645,0.077107,0.390297,2.819331,0.0,1.960474
91,72,2024-01-01,6,13,73.0,0.0,0.0,18.0,0.0,0.0,0.0,0.0,0.0,0.0,0.0,0.710664,4.569281,0.077107,0.390483,2.819331,0.0,1.535131
91,72,2024-03-27,6,13,73.0,0.0,0.0,18.0,0.0,0.0,0.0,0.0,0.0,0.0,0.0,0.710664,4.821219,0.077107,0.390483,2.819331,0.0,1.535131
91,72,2024-07-01,6,13,73.0,0.0,0.0,18.0,0.0,0.0,0.0,0.0,0.0,0.0,0.0,0.710664,4.821219,0.077107,0.390483,2.819331,0.0,1.583951
91,72,2024-08-01,6,13,73.0,0.0,0.0,18.0,0.0,0.0,0.0,0.0,0.0,0.0,0.0,0.710664,4.821219,0.077107,0.390483,2.819331,0.0,1.674274
91,72,2024-10-01,6,13,73.0,0.0,0.0,18.0,0.0,0.0,0.0,0.0,0.0,0.0,0.0,0.710664,4.900252,0.077107,0.390483,2.819331,0.0,1.674274
92,54,2023-04-01,35,3,60.8,1.3,7.0,0.0,0.0,33.0,0.0,0.0,3.99,40.346,0.0,0.0,11.160931,0.0,0.0,9.352195,0.0,0.0
92,54,2023-04-23,35,3,60.8,1.3,7.0,0.0,0.0,33.0,0.0,0.0,3.99,40.346,0.0,0.0,11.270273,0.0,0.0,8.058432,0.0,0.0
92,54,2023-05-01,35,3,60.8,1.3,7.0,0.0,0.0,33.0,0.0,0.0,3.99,40.346,0.0,0.0,11.327472,0.0,0.0,8.058432,0.0,0.0
92,54,2023-06-01,35,3,60.8,1.3,7.0,0.0,0.0,33.0,0.0,0.0,3.99,40.346,0.0,0.0,11.182356,0.0,0.0,8.058432,0.0,0.0
92,54,2023-07-01,35,3,60.8,1.3,7.0,0.0,0.0,33.0,0.0,0.0,3.99,40.346,0.0,0.0,11.211612,0.0,0.0,8.058432,0.0,0.0
92,54,2023-08-01,35,3,60.8,1.3,7.0,0.0,0.0,33.0,0.0,0.0,3.99,40.346,0.0,0.0,10.986747,0.0,0.0,8.058432,0.0,0.0
92,54,2023-09-01,35,3,60.8,1.3,7.0,0.0,0.0,33.0,0.0,0.0,3.99,40.346,0.0,0.0,10.630689,0.0,0.0,8.058432,0.0,0.0
92,54,2023-10-01,35,3,60.8,1.3,7.0,0.0,0.0,33.0,0.0,0.0,3.99,40.346,0.0,0.0,11.044677,0.0,0.0,8.058432,0.0,0.0
92,54,2023-11-01,35,3,60.8,1.3,7.0,0.0,0.0,33.0,0.0,0.0,3.99,40.346,0.0,0.0,13.01055,0.0,0.0,8.058432,0.0,0.0
92,54,2023-12-01,35,3,60.8,1.3,7.0,0.0,0.0,33.0,0.0,0.0,3.99,40.346,0.0,0.0,11.737956,0.0,0.0,8.058432,0.0,0.0
92,54,2024-01-01,35,3,60.8,1.3,7.0,0.0,0.0,33.0,0.0,0.0,3.99,40.346,0.0,0.0,12.322096,0.0,0.0,6.316753,0.0,0.0
92,54,2024-02-01,35,3,60.8,1.3,7.0,0.0,0.0,33.0,0.0,0.0,3.99,40.346,0.0,0.0,12.067461,0.0,0.0,6.316753,0.0,0.0
92,54,2024-03-01,35,3,60.8,1.3,7.0,0.0,0.0,33.0,0.0,0.0,3.99,40.346,0.0,0.0,11.551263,0.0,0.0,6.316753,0.0,0.0
92,54,2024-04-01,35,3,60.8,1.3,7.0,0.0,0.0,33.0,0.0,0.0,3.99,40.346,0.0,0.0,11.460273,0.0,0.0,6.316753,0.0,0.0
92,54,2024-04-07,35,3,60.8,1.3,7.0,0.0,0.0,33.0,0.0,0.0,3.99,40.346,0.0,0.0,11.460273,0.0,0.0,6.944269,0.0,0.0
92,54,2024-05-01,35,3,60.8,1.3,7.0,0.0,0.0,33.0,0.0,0.0,3.99,40.346,0.0,0.0,9.830429,0.0,0.0,6.944269,0.0,0.0
92,54,2024-05-06,35,3,60.8,1.3,7.0,0.0,0.0,33.0,0.0,0.0,8.99,54.346,0.0,0.0,9.830429,0.0,0.0,6.944269,0.0,0.0
92,54,2024-06-01,35,3,60.8,1.3,7.0,0.0,0.0,33.0,0.0,0.0,8.99,54.346,0.0,0.0,10.04055,0.0,0.0,6.944269,0.0,0.0
92,54,2024-07-01,35,3,60.8,1.3,7.0,0.0,0.0,33.0,0.0,0.0,8.99,54.346,0.0,0.0,10.840107,0.0,0.0,6.944269,0.0,0.0
92,54,2024-07-27,35,3,60.8,1.3,7.0,0.0,0.0,33.0,0.0,0.0,8.99,55.146,0.0,0.0,10.840107,0.0,0.0,6.944269,0.0,0.0
92,54,2024-08-01,35,3,60.8,1.3,7.0,0.0,0.0,33.0,0.0,0.0,8.99,60.646,0.0,0.0,10.179489,0.0,0.0,6.944269,0.0,0.0
92,54,2024-09-01,35,3,60.8,1.3,7.0,0.0,0.0,33.0,0.0,0.0,8.99,60.646,0.0,0.0,10.3693,0.0,0.0,6.944269,0.0,0.0
92,54,2024-10-01,35,3,60.8,1.3,7.0,0.0,0.0,33.0,0.0,0.0,8.99,60.646,0.0,0.0,10.845618,0.0,0.0,6.944269,0.0,0.0
92,54,2024-11-01,35,3,60.8,1.3,7.0,0.0,0.0,33.0,0.0,0.0,8.99,60.646,0.0,0.0,11.627495,0.0,0.0,6.944269,0.0,0.0
92,54,2024-12-01,35,3,60.8,1.3,7.0,0.0,0.0,33.0,0.0,0.0,8.99,60.646,0.0,0.0,12.075187,0.0,0.0,6.944269,0.0,0.0
92,54,2025-01-01,35,3,60.8,1.3,7.0,0.0,0.0,33.0,0.0,0.0,8.99,60.646,0.0,0.0,12.047499,0.0,0.0,6.944269,0.0,0.0
92,54,2025-01-10,35,3,60.8,1.3,7.0,0.0,0.0,33.0,0.0,0.0,12.49,75.166,0.0,0.0,12.047499,0.0,0.0,6.944269,0.0,0.0
92,54,2025-01-31,35,3,60.8,1.3,7.0,0.0,0.0,33.0,0.0,0.0,12.49,78.686,0.0,0.0,12.047499,0.0,0.0,6.944269,0.0,0.0
92,54,2025-02-01,35,3,60.8,1.3,7.0,0.0,0.0,33.0,0.0,0.0,12.49,78.686,0.0,0.0,12.006562,0.0,0.0,6.944269,0.0,0.0
92,54,2025-03-01,35,3,60.8,1.3,7.0,0.0,0.0,33.0,0.0,0.0,12.49,78.686,0.0,0.0,11.484865,0.0,0.0,6.944269,0.0,0.0
93,74,2023-04-01,29,4,173.8,22.38,75.0,25.0,0.0,22.0,0.0,0.0,4.6,45.735,0.0,0.14395,0.489154,3.369148,0.0,0.0,0.023063,0.0
93,74,2023-06-14,29,4,173.8,22.38,75.0,25.0,0.0,22.0,0.0,0.0,4.6,45.735,0.0,0.14395,0.489154,4.301675,0.0,0.0,0.023063,0.0
93,74,2023-06-21,29,4,173.8,22.38,75.0,25.0,0.0,22.0,0.0,0.0,14.6,55.735,0.0,0.14395,0.489154,4.301675,0.0,0.0,0.023063,0.0
93,74,2023-08-02,29,4,173.8,22.38,75.0,25.0,0.0,22.0,0.0,0.0,14.6,56.335,0.0,0.14395,0.489154,4.301675,0.0,0.0,0.023063,0.0
93,74,2023-08-11,29,4,173.8,22.38,75.0,25.0,0.0,22.0,0.0,0.0,14.6,56.335,0.0,0.14395,0.489154,4.301675,0.0,0.0,0.014043,0.0
93,74,2024-01-01,29,4,173.8,22.38,75.0,25.0,0.0,22.0,0.0,0.0,14.6,56.335,0.0,0.165175,0.489154,4.301675,0.0,0.0,0.014043,0.0
93,74,2024-01-17,29,4,173.8,22.38,75.0,25.0,0.0,22.0,0.0,0.0,14.6,65.135,0.0,0.165175,0.489154,4.301675,0.0,0.0,0.014043,0.0
93,74,2024-05-10,29,4,173.8,31.98,75.0,25.0,0.0,22.0,0.0,0.0,14.6,65.135,0.0,0.165175,0.489154,4.301675,0.0,0.0,0.014043,0.0
93,74,2024-07-15,29,4,173.8,31.98,75.0,25.0,0.0,22.0,0.0,0.0,14.6,65.935,0.0,0.165175,0.489154,4.301675,0.0,0.0,0.014043,0.0
94,75,2023-04-01,26,1,50.8,10.36,6.0,17.0,27.0,33.0,0.0,0.0,10.6,53.748,0.0,0.0,0.003539,0.0,0.0,0.0,0.0,0.0
94,75,2023-04-26,27,1,50.8,10.36,6.0,17.0,27.0,33.0,0.0,0.0,10.6,53.748,0.0,0.0,0.003539,0.0,0.0,0.0,0.0,0.0
94,75,2023-05-02,27,1,55.4,16.36,6.0,20.0,27.0,33.0,0.0,0.0,10.6,53.748,0.0,0.0,0.003539,0.0,0.0,0.0,0.0,0.0
94,75,2023-11-12,27,1,55.4,16.36,6.0,20.0,27.0,33.0,0.0,0.0,10.6,53.748,0.0,0.0,0.008013,0.0,0.0,0.0,0.0,0.0
94,75,2024-02-26,29,1,55.4,16.36,6.0,20.0,27.0,33.0,0.0,0.0,10.6,53.748,0.0,0.0,0.008013,0.0,0.0,0.0,0.0,0.0
94,75,2024-08-20,29,1,55.4,16.36,6.0,20.0,27.0,33.0,0.0,0.0,19.2,63.748,0.0,0.0,0.008013,0.0,0.0,0.0,0.0,0.0
94,75,2025-01-11,29,1,55.4,16.36,6.0,20.0,27.0,33.0,0.0,0.0,24.45,68.748,0.0,0.0,0.008013,0.0,0.0,0.0,0.0,0.0
95,76,2023-04-01,59,2,30.0,5.1,20.6,4.0,0.0,0.0,0.0,0.0,9.1,10.836,5.5,0.0,0.0,0.0,4.243611,0.391438,0.0,0.0
95,76,2023-05-01,59,2,30.0,5.1,20.6,4.0,0.0,0.0,0.0,0.0,9.1,10.836,5.5,0.0,0.0,0.0,4.31875,0.391438,0.0,0.0
95,76,2023-05-23,59,2,30.0,5.1,20.6,4.0,0.0,0.0,0.0,0.0,9.1,10.836,5.5,0.0,0.0,0.0,5.007292,0.391438,0.0,0.0
95,76,2023-05-27,59,2,30.0,5.1,20.6,4.0,0.0,0.0,0.0,0.0,9.1,10.836,5.5,0.0,0.0,0.0,4.985,0.391438,0.0,0.0
95,76,2023-06-01,59,2,30.0,5.1,20.6,4.0,0.0,0.0,0.0,0.0,9.1,10.836,5.5,0.0,0.0,0.0,5.327381,0.391438,0.0,0.0
95,76,2023-06-08,59,2,30.0,5.1,20.6,4.0,0.0,0.0,0.0,0.0,9.1,10.836,5.5,0.0,0.0,0.0,5.024275,0.391438,0.0,0.0
95,76,2023-07-01,59,2,30.0,5.1,20.6,4.0,0.0,0.0,0.0,0.0,9.1,10.836,5.5,0.0,0.0,0.0,4.838441,0.391438,0.0,0.0
95,76,2023-08-01,59,2,30.0,5.1,20.6,4.0,0.0,0.0,0.0,0.0,9.1,10.836,5.5,0.0,0.0,0.0,4.706127,0.391438,0.0,0.0
95,76,2023-08-18,59,2,30.0,5.1,20.6,4.0,0.0,0.0,0.0,0.0,9.1,10.836,5.5,0.0,0.0,0.0,4.85,0.391438,0.0,0.0
95,76,2023-09-01,59,2,30.0,5.1,20.6,4.0,0.0,0.0,0.0,0.0,9.1,10.836,5.5,0.0,0.0,0.0,5.024028,0.391438,0.0,0.0
95,76,2023-10-01,59,2,30.0,5.1,20.6,4.0,0.0,0.0,0.0,0.0,9.1,10.836,5.5,0.0,0.0,0.0,4.560484,0.391438,0.0,0.0
95,76,2023-11-01,59,2,30.0,5.1,20.6,4.0,0.0,0.0,0.0,0.0,9.1,10.836,5.5,0.0,0.0,0.0,4.940972,0.391438,0.0,0.0
95,76,2023-12-01,59,2,30.0,5.1,20.6,4.0,0.0,0.0,0.0,0.0,9.1,10.836,5.5,0.0,0.0,0.0,4.538642,0.391438,0.0,0.0
95,76,2024-01-01,59,2,30.0,5.1,20.6,4.0,0.0,0.0,0.0,0.0,9.1,10.836,5.5,0.0,0.0,0.0,4.397929,0.391438,0.0,0.0
95,76,2024-01-26,59,2,30.0,5.1,20.6,4.0,0.0,0.0,0.0,0.0,9.1,10.836,5.5,0.0,0.0,0.0,4.397929,0.359984,0.0,0.0
95,76,2024-02-20,59,2,30.0,5.1,20.6,4.0,0.0,22.0,0.0,0.0,9.1,10.836,5.5,0.0,0.0,0.0,4.397929,0.359984,0.0,0.0
95,76,2024-04-01,59,2,30.0,5.1,20.6,4.0,0.0,22.0,0.0,0.0,15.1,18.816,5.5,0.0,0.0,0.0,4.397929,0.359984,0.0,0.0
95,76,2024-06-18,59,2,30.0,5.1,20.6,4.0,0.0,22.0,0.0,0.0,15.1,18.816,5.5,0.0,0.0,0.0,4.687049,0.359984,0.0,0.0
96,47,2023-04-01,62,2,100.0,16.54,0.0,30.0,0.0,22.0,0.0,9.0,11.6,53.751,0.0,0.0,0.0,0.0,0.0,0.695523,0.0,0.0
96,47,2023-05-24,62,2,100.0,16.54,0.0,30.0,0.0,22.0,0.0,9.0,11.6,53.751,0.0,0.0,0.0,0.0,0.0,0.58226,0.0,0.0
96,47,2023-05-31,62,2,100.0,16.54,0.0,30.0,0.0,22.0,0.0,9.0,15.0,62.771,0.0,0.0,0.0,0.0,0.0,0.582347,0.0,0.0
96,47,2023-09-15,62,2,100.0,16.54,0.0,30.0,0.0,22.0,0.0,9.0,15.0,63.371,0.0,0.0,0.0,0.0,0.0,0.582347,0.0,0.0
96,47,2023-09-29,62,2,100.0,16.54,0.0,30.0,0.0,22.0,0.0,9.0,21.0,75.371,0.0,0.0,0.0,0.0,0.0,0.582347,0.0,0.0
96,47,2024-04-01,62,2,100.0,16.54,0.0,30.0,0.0,22.0,0.0,9.0,21.0,75.371,0.0,0.0,0.0,0.0,0.0,0.51028,0.0,0.0
96,47,2024-12-06,62,2,100.0,17.74,0.0,39.0,0.0,22.0,0.0,9.0,21.0,75.371,0.0,0.0,0.0,0.0,0.0,0.51028,0.0,0.0
97,36,2023-04-01,7,0,2.0,10.82,8.0,8.8,0.0,33.0,0.0,0.0,17.78,61.708,0.0,0.0,0.0,0.0,0.0,0.0,0.0,0.0
97,36,2023-04-13,7,0,2.0,10.82,8.0,8.8,0.0,33.0,0.0,0.0,17.78,71.548,0.0,0.0,0.0,0.0,0.0,0.0,0.0,0.0
97,36,2023-08-07,8,0,2.0,10.82,8.0,8.8,0.0,33.0,0.0,0.0,17.78,71.548,0.0,0.0,0.0,0.0,0.0,0.0,0.0,0.0
97,36,2023-11-07,9,0,2.0,10.82,8.0,8.8,0.0,33.0,0.0,0.0,17.78,71.548,0.0,0.0,0.0,0.0,0.0,0.0,0.0,0.0
97,36,2023-11-09,9,0,2.0,10.82,8.0,8.8,0.0,33.0,0.0,0.0,24.54,79.548,0.0,0.0,0.0,0.0,0.0,0.0,0.0,0.0
97,36,2024-01-12,9,0,2.0,10.82,8.0,8.8,0.0,55.0,0.0,0.0,24.54,79.548,0.0,0.0,0.0,0.0,0.0,0.0,0.0,0.0
97,36,2024-06-25,9,0,2.0,10.82,8.0,8.8,0.0,55.0,0.0,0.0,28.38,79.548,0.0,0.0,0.0,0.0,0.0,0.0,0.0,0.0
97,36,2024-07-26,10,0,11.0,13.72,8.0,17.8,0.0,66.0,0.0,0.0,28.38,79.548,0.0,0.0,0.0,0.0,0.0,0.0,0.0,0.0
97,36,2024-10-30,12,0,11.0,25.32,8.0,17.8,0.0,66.0,0.0,0.0,28.38,79.548,0.0,0.0,0.0,0.0,0.0,0.0,0.0,0.0
98,2,2023-04-01,19,0,64.6,8.25,0.0,11.0,0.0,33.0,0.0,0.0,20.0,31.156,0.0,0.0,0.0,0.0,0.0,0.0,0.0,0.0
98,2,2023-04-14,19,0,64.6,8.25,0.0,11.0,0.0,33.0,0.0,0.0,24.6,54.116,0.0,0.0,0.0,0.0,0.0,0.0,0.0,0.0
98,2,2023-06-07,19,0,64.6,8.25,0.0,11.0,0.0,33.0,0.0,0.0,29.6,64.116,0.0,0.0,0.0,0.0,0.0,0.0,0.0,0.0
98,2,2023-06-28,21,0,73.6,10.25,0.0,11.0,0.0,33.0,0.0,0.0,29.6,64.116,0.0,0.0,0.0,0.0,0.0,0.0,0.0,0.0
98,2,2023-07-10,21,0,82.6,12.25,0.0,11.0,0.0,33.0,0.0,0.0,29.6,64.116,0.0,0.0,0.0,0.0,0.0,0.0,0.0,0.0
98,2,2024-06-04,22,0,82.6,17.85,0.0,20.0,0.0,33.0,0.0,0.0,29.6,64.116,0.0,0.0,0.0,0.0,0.0,0.0,0.0,0.0
98,2,2024-09-02,23,0,82.6,17.85,0.0,20.0,0.0,33.0,0.0,0.0,29.6,64.116,0.0,0.0,0.0,0.0,0.0,0.0,0.0,0.0
98,2,2024-11-13,23,0,82.6,17.85,0.0,20.0,0.0,33.0,0.0,0.0,33.15,74.116,0.0,0.0,0.0,0.0,0.0,0.0,0.0,0.0
99,77,2023-04-01,20,0,9.0,20.83,41.1,8.8,0.0,44.0,0.0,6.6,17.5,58.558,0.0,0.0,0.0,0.0,0.0,0.0,0.0,0.0
99,77,2023-07-05,20,0,9.0,20.83,41.1,8.8,0.0,44.0,0.0,6.6,24.5,68.308,0.0,0.0,0.0,0.0,0.0,0.0,0.0,0.0
99,77,2025-02-28,20,0,9.0,20.83,41.1,8.8,0.0,66.0,0.0,6.6,24.5,68.308,0.0,0.0,0.0,0.0,0.0,0.0,0.0,0.0
100,24,2023-04-01,33,0,64.8,9.37,9.5,13.0,0.0,11.0,0.0,0.0,0.0,67.085,0.0,0.0,0.0,0.0,0.0,0.0,0.0,0.0
100,24,2023-04-19,33,0,64.8,9.37,9.5,13.0,0.0,11.0,0.0,0.0,0.0,81.145,0.0,0.0,0.0,0.0,0.0,0.0,0.0,0.0
100,24,2023-08-03,33,0,64.8,9.37,9.5,13.0,0.0,11.0,0.0,0.0,12.9,87.645,0.0,0.0,0.0,0.0,0.0,0.0,0.0,0.0
101,78,2023-04-01,32,0,0.0,6.6,54.7,4.0,0.0,22.0,0.0,0.0,0.0,91.16,0.0,0.0,0.0,0.0,0.0,0.0,0.0,0.0
101,78,2023-12-01,32,0,0.0,6.6,54.7,4.0,0.0,22.0,0.0,0.0,5.0,101.16,0.0,0.0,0.0,0.0,0.0,0.0,0.0,0.0
101,78,2024-07-08,32,0,0.0,6.6,54.7,4.0,0.0,22.0,0.0,0.0,5.0,111.16,0.0,0.0,0.0,0.0,0.0,0.0,0.0,0.0
102,79,2023-04-01,38,0,0.0,8.2,26.5,4.0,39.0,0.0,0.4,4.0,4.48,10.75,0.0,0.0,0.0,0.0,0.0,0.0,0.0,0.0
102,79,2023-05-12,38,0,0.0,8.2,26.5,4.0,39.0,0.0,0.4,4.0,4.48,19.255,0.0,0.0,0.0,0.0,0.0,0.0,0.0,0.0
102,79,2024-05-23,38,0,0.0,8.2,26.5,4.0,39.0,0.0,0.4,4.0,9.48,19.255,0.0,0.0,0.0,0.0,0.0,0.0,0.0,0.0
103,8,2023-04-01,51,0,6.0,34.38,0.0,0.0,0.0,22.0,0.0,0.0,10.6,20.2,0.0,0.0,0.0,0.0,0.0,0.0,0.0,0.0
103,8,2024-07-30,53,0,12.0,36.38,0.0,0.0,0.0,22.0,0.0,0.0,10.6,20.2,0.0,0.0,0.0,0.0,0.0,0.0,0.0,0.0
104,80,2023-04-01,9,0,0.0,0.0,0.0,4.0,0.0,0.0,0.0,0.0,0.0,60.6,0.0,0.0,0.0,0.0,0.0,0.0,0.0,0.0
104,80,2025-01-23,9,0,0.0,0.0,0.0,4.0,0.0,11.0,0.0,0.0,0.0,60.6,0.0,0.0,0.0,0.0,0.0,0.0,0.0,0.0
105,29,2023-04-01,16,4,74.0,0.0,2.0,3.0,18.0,11.0,0.6,14.7,0.0,0.0,0.0,0.0,0.0,0.0,0.0,6.125355,0.0,0.0
105,29,2023-05-01,16,4,74.0,0.0,2.0,3.0,18.0,11.0,0.6,14.7,0.0,0.0,0.0,0.0,0.0,0.0,0.0,6.588541,0.0,0.0
105,29,2023-05-10,16,4,74.0,0.0,2.0,3.0,18.0,11.0,0.6,14.7,0.0,0.0,0.0,0.0,0.0,0.0,0.0,6.570695,0.0,0.0
105,29,2023-05-26,16,4,74.0,0.0,2.0,3.0,18.0,11.0,0.6,14.7,0.0,0.0,0.0,0.0,0.0,0.0,0.0,6.570139,0.0,0.0
105,29,2023-06-01,16,4,74.0,0.0,2.0,3.0,18.0,11.0,0.6,14.7,0.0,0.0,0.0,0.0,0.0,0.0,0.0,8.298759,0.0,0.0
105,29,2023-07-01,16,4,74.0,0.0,2.0,3.0,18.0,11.0,0.6,14.7,0.0,0.0,0.0,0.0,0.0,0.0,0.0,9.131564,0.0,0.0
105,29,2023-08-01,16,4,74.0,0.0,2.0,3.0,18.0,11.0,0.6,14.7,0.0,0.0,0.0,0.0,0.0,0.0,0.0,5.2653,0.0,0.0
105,29,2023-09-01,16,4,74.0,0.0,2.0,3.0,18.0,11.0,0.6,14.7,0.0,0.0,0.0,0.0,0.0,0.0,0.0,8.594037,0.0,0.0
105,29,2023-10-01,16,4,74.0,0.0,2.0,3.0,18.0,11.0,0.6,14.7,0.0,0.0,0.0,0.0,0.0,0.0,0.0,6.526187,0.0,0.0
105,29,2023-11-01,16,4,74.0,0.0,2.0,3.0,18.0,11.0,0.6,14.7,0.0,0.0,0.0,0.0,0.0,0.0,0.0,6.729314,0.0,0.0
105,29,2023-12-01,16,4,74.0,0.0,2.0,3.0,18.0,11.0,0.6,14.7,0.0,0.0,0.0,0.0,0.0,0.0,0.0,7.226456,0.0,0.0
105,29,2024-01-01,16,4,74.0,0.0,2.0,3.0,18.0,11.0,0.6,14.7,0.0,0.0,0.0,0.0,0.0,0.0,0.0,5.629816,0.0,0.0
105,29,2024-02-01,16,4,74.0,0.0,2.0,3.0,18.0,11.0,0.6,14.7,0.0,0.0,0.0,0.0,0.0,0.0,0.0,6.54056,0.0,0.0
105,29,2024-03-01,16,4,74.0,0.0,2.0,3.0,18.0,11.0,0.6,14.7,0.0,0.0,0.0,0.0,0.0,0.0,0.0,6.394601,0.0,0.0
105,29,2024-04-01,16,4,74.0,0.0,2.0,3.0,18.0,11.0,0.6,14.7,0.0,0.0,0.0,0.0,0.0,0.0,0.0,6.425426,0.0,0.0
105,29,2024-05-01,16,4,74.0,0.0,2.0,3.0,18.0,11.0,0.6,14.7,0.0,0.0,0.0,0.0,0.0,0.0,0.0,5.842047,0.0,0.0
105,29,2024-06-01,16,4,74.0,0.0,2.0,3.0,18.0,11.0,0.6,14.7,0.0,0.0,0.0,0.0,0.0,0.0,0.0,7.653064,0.0,0.0
105,29,2024-07-01,16,4,74.0,0.0,2.0,3.0,18.0,11.0,0.6,14.7,0.0,0.0,0.0,0.0,0.0,0.0,0.0,8.900246,0.0,0.0
105,29,2024-08-01,16,4,74.0,0.0,2.0,3.0,18.0,11.0,0.6,14.7,0.0,0.0,0.0,0.0,0.0,0.0,0.0,5.761537,0.0,0.0
105,29,2024-09-01,16,4,74.0,0.0,2.0,3.0,18.0,11.0,0.6,14.7,0.0,0.0,0.0,0.0,0.0,0.0,0.0,7.616814,0.0,0.0
105,29,2024-10-01,16,4,74.0,0.0,2.0,3.0,18.0,11.0,0.6,14.7,0.0,0.0,0.0,0.0,0.0,0.0,0.0,6.875112,0.0,0.0
105,29,2024-11-01,16,4,74.0,0.0,2.0,3.0,18.0,11.0,0.6,14.7,0.0,0.0,0.0,0.0,0.0,0.0,0.0,6.43862,0.0,0.0
105,29,2024-12-01,16,4,74.0,0.0,2.0,3.0,18.0,11.0,0.6,14.7,0.0,0.0,0.0,0.0,0.0,0.0,0.0,5.893392,0.0,0.0
105,29,2025-01-01,16,4,74.0,0.0,2.0,3.0,18.0,11.0,0.6,14.7,0.0,0.0,0.0,0.0,0.0,0.0,0.0,6.30159,0.0,0.0
105,29,2025-02-01,16,4,74.0,0.0,2.0,3.0,18.0,11.0,0.6,14.7,0.0,0.0,0.0,0.0,0.0,0.0,0.0,6.445614,0.0,0.0
105,29,2025-03-01,16,4,74.0,0.0,2.0,3.0,18.0,11.0,0.6,14.7,0.0,0.0,0.0,0.0,0.0,0.0,0.0,6.049574,0.0,0.0
106,52,2023-04-01,13,8,25.3,0.0,0.9,0.0,93.0,0.0,0.0,0.0,0.0,0.0,0.0,0.0,3.191514,0.0,0.0,9.779845,0.0,0.0
106,52,2023-05-06,13,8,25.3,0.0,0.9,0.0,93.0,0.0,0.0,0.0,0.0,0.0,0.0,0.0,3.187671,0.0,0.0,9.779845,0.0,0.0
106,52,2023-05-17,13,8,25.3,0.0,0.9,0.0,93.0,0.0,0.0,0.0,0.0,0.0,0.0,0.0,3.187671,0.0,0.0,9.366373,0.0,0.0
106,52,2023-05-24,13,8,25.3,0.0,0.9,0.0,93.0,0.0,0.0,0.0,0.0,0.0,0.0,0.0,3.187671,0.0,0.0,9.316329,0.0,0.0
106,52,2023-06-01,13,8,25.3,0.0,0.9,0.0,93.0,0.0,0.0,0.0,0.0,0.0,0.0,0.0,3.187671,0.0,0.0,8.80392,0.0,0.0
106,52,2023-06-09,13,8,25.3,0.0,0.9,0.0,93.0,0.0,0.0,0.0,0.0,0.0,0.0,0.0,3.478684,0.0,0.0,8.80392,0.0,0.0
106,52,2023-06-19,13,8,25.3,0.0,0.9,0.0,93.0,0.0,0.0,0.0,0.0,0.0,0.0,0.0,3.478684,0.0,0.0,8.840971,0.0,0.0
106,52,2023-09-01,13,8,25.3,0.0,0.9,0.0,93.0,0.0,0.0,0.0,0.0,0.0,0.0,0.0,3.478684,0.0,0.0,8.890356,0.0,0.0
106,52,2023-12-30,13,8,25.3,0.0,0.9,0.0,93.0,0.0,0.0,0.0,0.0,0.0,0.0,0.0,3.434132,0.0,0.0,8.890356,0.0,0.0
106,52,2024-05-25,13,8,25.3,0.0,0.9,0.0,93.0,0.0,0.0,0.0,0.0,0.0,0.0,0.0,3.434132,0.0,0.0,8.964643,0.0,0.0
106,52,2024-06-06,13,8,25.3,0.0,0.9,0.0,93.0,0.0,0.0,0.0,0.0,0.0,0.0,0.0,3.434132,0.0,0.0,7.750912,0.0,0.0
106,52,2024-06-07,13,8,25.3,0.0,0.9,0.0,93.0,0.0,0.0,0.0,0.0,0.0,0.0,0.0,3.434132,0.0,0.0,9.00236,0.0,0.0
106,52,2024-07-01,13,8,25.3,0.0,0.9,0.0,93.0,0.0,0.0,0.0,0.0,0.0,0.0,0.0,3.454337,0.0,0.0,8.798489,0.0,0.0
106,52,2024-08-01,13,8,25.3,0.0,0.9,0.0,93.0,0.0,0.0,0.0,0.0,0.0,0.0,0.0,3.454337,0.0,0.0,8.653846,0.0,0.0
106,52,2025-01-23,13,8,25.3,0.0,0.9,0.0,93.0,0.0,0.0,0.0,0.0,0.0,0.0,0.0,3.454337,0.0,0.0,8.971093,0.0,0.0
107,81,2023-04-01,50,0,42.0,3.48,9.9,16.0,0.0,33.0,0.0,0.0,0.0,3.003,0.0,0.0,0.0,0.0,0.0,0.0,0.0,0.0
107,81,2023-04-04,50,0,42.0,3.48,9.9,16.0,0.0,33.0,0.0,0.0,4.6,3.003,0.0,0.0,0.0,0.0,0.0,0.0,0.0,0.0
107,81,2023-12-27,50,0,42.0,3.48,9.9,16.0,0.0,44.0,0.0,0.0,4.6,3.003,0.0,0.0,0.0,0.0,0.0,0.0,0.0,0.0
107,81,2024-05-29,50,0,42.0,3.48,9.9,16.0,0.0,44.0,0.0,0.0,12.6,11.003,0.0,0.0,0.0,0.0,0.0,0.0,0.0,0.0
107,81,2025-01-03,50,0,42.0,3.48,9.9,16.0,0.0,44.0,0.0,0.0,21.8,20.203,0.0,0.0,0.0,0.0,0.0,0.0,0.0,0.0
107,81,2025-03-06,50,0,42.0,3.48,9.9,16.0,0.0,44.0,0.0,0.0,26.8,30.203,0.0,0.0,0.0,0.0,0.0,0.0,0.0,0.0
107,81,2025-03-07,50,0,42.0,3.48,9.9,16.0,0.0,55.0,0.0,0.0,26.8,30.203,0.0,0.0,0.0,0.0,0.0,0.0,0.0,0.0
108,72,2023-04-01,36,1,0.0,0.0,20.0,10.0,42.0,11.0,0.0,0.0,0.0,7.73,0.0,0.0,0.0,0.0,0.47314,0.0,0.0,0.0
108,72,2023-12-10,36,1,0.0,0.0,20.0,10.0,42.0,11.0,0.0,0.0,0.0,7.73,0.0,0.0,0.0,0.0,0.508553,0.0,0.0,0.0
108,72,2024-04-19,36,1,0.0,0.0,20.0,10.0,42.0,22.0,0.0,0.0,0.0,7.73,0.0,0.0,0.0,0.0,0.508553,0.0,0.0,0.0
109,52,2023-04-01,9,5,21.0,0.0,2.0,0.0,0.0,11.0,0.0,0.0,0.0,5.0,0.0,0.0,2.051027,0.0,0.0,6.34902,0.0,0.0
109,52,2023-05-22,9,5,21.0,0.0,2.0,0.0,0.0,11.0,0.0,0.0,0.0,5.0,0.0,0.0,2.051027,0.0,0.0,6.418242,0.0,0.0
109,52,2023-06-09,9,5,21.0,0.0,2.0,0.0,0.0,11.0,0.0,0.0,0.0,5.0,0.0,0.0,2.051027,0.0,0.0,6.395587,0.0,0.0
109,52,2023-12-21,9,5,21.0,0.0,2.0,0.0,0.0,11.0,0.0,0.0,0.0,5.0,0.0,0.0,2.051027,0.0,0.0,6.243341,0.0,0.0
109,52,2024-01-01,9,5,21.0,0.0,2.0,0.0,0.0,11.0,0.0,0.0,0.0,5.0,0.0,0.0,1.997495,0.0,0.0,6.243341,0.0,0.0
109,52,2024-05-29,9,5,21.0,0.0,2.0,0.0,0.0,11.0,0.0,0.0,0.0,5.0,0.0,0.0,1.997495,0.0,0.0,6.415041,0.0,0.0
109,52,2024-06-07,9,5,21.0,0.0,2.0,0.0,0.0,11.0,0.0,0.0,0.0,5.0,0.0,0.0,1.997495,0.0,0.0,7.128296,0.0,0.0
109,52,2024-06-09,9,5,21.0,0.0,2.0,0.0,0.0,11.0,0.0,0.0,0.0,5.0,0.0,0.0,1.997495,0.0,0.0,5.976213,0.0,0.0
109,52,2024-07-01,9,5,21.0,0.0,2.0,0.0,0.0,11.0,0.0,0.0,0.0,5.0,0.0,0.0,1.997495,0.0,0.0,5.924177,0.0,0.0
109,52,2024-08-06,9,5,21.0,0.0,2.0,0.0,0.0,11.0,0.0,0.0,0.0,5.0,0.0,0.0,1.997495,0.0,0.0,6.668552,0.0,0.0
109,52,2024-08-08,9,5,21.0,0.0,2.0,0.0,0.0,11.0,0.0,0.0,0.0,5.0,0.0,0.0,1.997495,0.0,0.0,6.781983,0.0,0.0
109,52,2024-09-01,9,5,21.0,0.0,2.0,0.0,0.0,11.0,0.0,0.0,0.0,5.0,0.0,0.0,1.997495,0.0,0.0,7.362698,0.0,0.0
109,52,2024-12-16,9,5,21.0,0.0,2.0,0.0,0.0,11.0,0.0,0.0,0.0,5.0,0.0,0.0,1.997495,0.0,0.0,7.154781,0.0,0.0
109,52,2025-01-23,9,5,21.0,0.0,2.0,0.0,0.0,11.0,0.0,0.0,7.68,15.0,0.0,0.0,1.997495,0.0,0.0,7.154781,0.0,0.0
109,52,2025-03-01,9,5,21.0,0.0,2.0,0.0,0.0,11.0,0.0,0.0,7.68,15.0,0.0,0.0,1.997495,0.0,0.0,4.067559,0.0,0.0
110,82,2023-04-01,35,1,75.1,0.0,9.2,5.0,0.0,11.0,2.5,62.0,0.0,87.4,0.0,0.0,0.476598,0.0,0.0,0.0,0.0,0.0
110,82,2023-11-02,35,1,75.1,0.0,9.2,5.0,0.0,11.0,2.5,62.0,0.0,87.4,0.0,0.0,0.509108,0.0,0.0,0.0,0.0,0.0
110,82,2024-07-12,35,1,75.1,0.0,9.2,5.0,0.0,11.0,2.5,62.0,0.0,95.6,0.0,0.0,0.509108,0.0,0.0,0.0,0.0,0.0
110,82,2024-07-17,35,1,75.1,0.0,9.2,5.0,0.0,11.0,2.5,62.0,4.3,95.6,0.0,0.0,0.509108,0.0,0.0,0.0,0.0,0.0
110,82,2024-08-13,35,1,75.1,1.2,9.2,5.0,0.0,11.0,2.5,62.0,4.3,95.6,0.0,0.0,0.509108,0.0,0.0,0.0,0.0,0.0
110,82,2024-09-05,35,1,75.1,1.2,9.2,5.0,0.0,11.0,2.5,62.0,4.3,103.52,0.0,0.0,0.509108,0.0,0.0,0.0,0.0,0.0
110,82,2025-03-12,35,1,75.1,1.2,9.2,5.0,0.0,11.0,2.5,62.0,11.3,103.52,0.0,0.0,0.509108,0.0,0.0,0.0,0.0,0.0
111,83,2023-04-01,18,1,4.0,3.7,0.0,0.0,0.0,22.0,0.0,0.0,0.0,22.1,0.0,0.0,3.426626,0.0,0.0,0.0,0.0,0.0
111,83,2023-05-23,18,1,4.0,3.7,0.0,0.0,0.0,22.0,0.0,0.0,5.8,31.98,0.0,0.0,3.426626,0.0,0.0,0.0,0.0,0.0
111,83,2023-08-31,18,1,4.0,3.7,0.0,0.0,0.0,22.0,0.0,0.0,5.8,31.98,0.0,0.0,2.40173,0.0,0.0,0.0,0.0,0.0
111,83,2023-09-01,18,1,4.0,3.7,0.0,0.0,0.0,22.0,0.0,0.0,5.8,41.82,0.0,0.0,2.40173,0.0,0.0,0.0,0.0,0.0
111,83,2023-09-14,18,1,4.0,3.7,0.0,0.0,0.0,22.0,0.0,0.0,5.8,81.82,0.0,0.0,2.40173,0.0,0.0,0.0,0.0,0.0
111,83,2023-10-23,18,1,4.0,3.7,0.0,0.0,0.0,22.0,0.0,0.0,5.8,81.82,0.0,0.0,4.941397,0.0,0.0,0.0,0.0,0.0
111,83,2023-12-29,18,1,4.0,3.7,0.0,0.0,0.0,22.0,0.0,0.0,5.8,89.23,0.0,0.0,4.941397,0.0,0.0,0.0,0.0,0.0
111,83,2024-03-11,18,1,4.0,3.7,0.0,0.0,0.0,22.0,0.0,0.0,23.8,89.23,0.0,0.0,2.034513,0.0,0.0,0.0,0.0,0.0
111,83,2024-08-17,18,1,4.0,3.7,0.0,0.0,0.0,22.0,0.0,0.0,23.8,89.23,0.0,0.0,8.057201,0.0,0.0,0.0,0.0,0.0
111,83,2025-02-12,18,1,12.8,15.1,0.0,8.8,0.0,22.0,0.0,0.0,23.8,89.23,0.0,0.0,8.057201,0.0,0.0,0.0,0.0,0.0
112,84,2023-04-01,51,0,0.0,9.27,6.0,0.0,40.0,22.0,0.0,0.0,15.75,52.497,0.0,0.0,0.0,0.0,0.0,0.0,0.0,0.0
112,84,2023-04-18,52,0,0.0,9.27,6.0,0.0,40.0,22.0,0.0,0.0,15.75,52.497,0.0,0.0,0.0,0.0,0.0,0.0,0.0,0.0
112,84,2023-05-02,52,0,0.0,9.27,6.0,0.0,40.0,22.0,0.0,0.0,15.75,62.497,0.0,0.0,0.0,0.0,0.0,0.0,0.0,0.0
112,84,2023-05-12,52,0,3.5,12.87,6.0,3.0,40.0,22.0,0.0,0.0,15.75,62.497,0.0,0.0,0.0,0.0,0.0,0.0,0.0,0.0
112,84,2023-05-15,52,0,3.5,12.87,6.0,3.0,40.0,22.0,0.0,0.0,15.75,71.517,0.0,0.0,0.0,0.0,0.0,0.0,0.0,0.0
112,84,2025-02-01,52,0,3.5,12.87,6.0,3.0,40.0,22.0,0.0,0.0,22.75,71.517,0.0,0.0,0.0,0.0,0.0,0.0,0.0,0.0
113,64,2023-04-01,14,11,0.0,0.0,0.0,4.0,0.0,0.0,0.0,0.0,0.0,0.0,0.0,0.432769,9.37061,0.0,0.0,0.40857,0.0,0.0
113,64,2023-04-04,14,11,0.0,0.0,0.0,4.0,0.0,0.0,0.0,0.0,0.0,0.0,0.0,0.432769,9.386897,0.0,0.0,0.40857,0.0,0.0
113,64,2023-04-16,14,11,0.0,0.0,0.0,4.0,0.0,0.0,0.0,0.0,0.0,0.0,0.0,0.432769,9.436068,0.0,0.0,0.40857,0.0,0.0
113,64,2023-04-19,14,11,0.0,0.0,0.0,4.0,0.0,0.0,0.0,0.0,0.0,0.0,0.0,0.432769,9.406258,0.0,0.0,0.40857,0.0,0.0
113,64,2023-06-01,14,11,0.0,0.0,0.0,4.0,0.0,0.0,0.0,0.0,0.0,0.0,0.0,0.432769,9.455991,0.0,0.0,0.40857,0.0,0.0
113,64,2023-07-05,14,11,0.0,0.0,0.0,4.0,0.0,0.0,0.0,0.0,0.0,0.0,0.0,0.432769,9.338062,0.0,0.0,0.40857,0.0,0.0
113,64,2023-10-25,14,11,0.0,0.0,0.0,4.0,0.0,0.0,0.0,0.0,0.0,0.0,0.0,0.432769,9.342709,0.0,0.0,0.40857,0.0,0.0
113,64,2024-01-01,14,11,0.0,0.0,0.0,4.0,0.0,0.0,0.0,0.0,0.0,0.0,0.0,0.432769,9.33591,0.0,0.0,0.40857,0.0,0.0
113,64,2024-01-05,14,11,0.0,0.0,0.0,4.0,0.0,0.0,0.0,0.0,0.0,0.0,0.0,0.432769,9.366033,0.0,0.0,0.40857,0.0,0.0
113,64,2024-02-18,14,11,0.0,0.0,0.0,4.0,0.0,0.0,0.0,0.0,0.0,0.0,0.0,0.432769,9.389226,0.0,0.0,0.40857,0.0,0.0
113,64,2024-03-06,14,11,0.0,0.0,0.0,4.0,0.0,0.0,0.0,0.0,0.0,0.0,0.0,0.432769,9.374654,0.0,0.0,0.40857,0.0,0.0
113,64,2024-03-27,14,11,0.0,0.0,0.0,4.0,0.0,0.0,0.0,0.0,0.0,0.0,0.0,0.43087,9.302156,0.0,0.0,0.40857,0.0,0.0
113,64,2024-04-19,14,11,0.0,0.0,0.0,4.0,0.0,0.0,0.0,0.0,0.0,0.0,0.0,0.43087,9.295853,0.0,0.0,0.40857,0.0,0.0
113,64,2024-06-07,14,11,0.0,0.0,0.0,4.0,0.0,0.0,0.0,0.0,0.0,0.0,0.0,0.43087,9.299128,0.0,0.0,0.40857,0.0,0.0
113,64,2024-10-08,14,11,0.0,0.0,0.0,4.0,0.0,0.0,0.0,0.0,0.0,0.0,0.0,0.43087,8.540814,0.0,0.0,0.40857,0.0,0.0
113,64,2025-01-01,14,11,0.0,0.0,0.0,4.0,0.0,0.0,0.0,0.0,0.0,0.0,0.0,0.43087,8.142915,0.0,0.0,0.40857,0.0,0.0
114,76,2023-04-01,33,6,48.0,0.0,0.0,3.0,0.0,3.6,0.0,0.0,0.0,9.44,0.0,0.0,0.91841,0.0,0.0,0.0,0.0,1.562153
114,76,2023-05-01,33,6,48.0,0.0,0.0,3.0,0.0,3.6,0.0,0.0,0.0,9.44,0.0,0.0,0.91841,0.0,0.0,0.0,0.0,1.159695
114,76,2024-01-01,33,6,48.0,0.0,0.0,3.0,0.0,3.6,0.0,0.0,0.0,9.44,0.0,0.0,0.975235,0.0,0.0,0.0,0.0,1.291485
114,76,2024-01-24,33,6,48.0,0.0,0.0,3.0,0.0,3.6,0.0,0.0,0.0,9.44,0.0,0.0,0.978122,0.0,0.0,0.0,0.0,1.291485
114,76,2024-01-26,33,6,48.0,0.0,0.0,3.0,0.0,3.6,0.0,0.0,0.0,9.44,0.0,0.0,0.982182,0.0,0.0,0.0,0.0,1.291485
114,76,2024-04-01,33,6,48.0,0.0,0.0,3.0,0.0,3.6,0.0,0.0,0.0,9.44,0.0,0.0,0.943838,0.0,0.0,0.0,0.0,1.291485
115,85,2023-04-01,37,1,134.8,6.94,9.0,9.0,12.0,0.0,0.0,0.0,9.3,15.87,0.0,0.0,0.062636,0.0,0.0,0.0,0.0,0.0
115,85,2023-05-29,37,1,134.8,6.94,9.0,9.0,12.0,22.0,0.0,0.0,9.3,15.87,0.0,0.0,0.062636,0.0,0.0,0.0,0.0,0.0
115,85,2024-01-09,37,1,134.8,6.94,9.0,9.0,12.0,22.0,0.0,0.0,9.3,15.87,0.0,0.0,0.062907,0.0,0.0,0.0,0.0,0.0
115,85,2024-10-01,37,1,134.8,6.94,9.0,9.0,12.0,22.0,0.0,0.0,19.9,25.87,0.0,0.0,0.062907,0.0,0.0,0.0,0.0,0.0
116,86,2023-04-01,18,0,0.0,24.7,12.0,0.0,0.0,22.0,0.0,0.0,8.3,22.823,0.0,0.0,0.0,0.0,0.0,0.0,0.0,0.0
116,86,2023-04-27,18,0,0.0,24.7,12.0,0.0,0.0,22.0,0.0,0.0,8.3,47.823,0.0,0.0,0.0,0.0,0.0,0.0,0.0,0.0
116,86,2023-08-02,18,0,0.0,24.7,12.0,0.0,0.0,22.0,0.0,0.0,16.18,47.823,0.0,0.0,0.0,0.0,0.0,0.0,0.0,0.0
116,86,2023-09-23,24,0,0.0,24.7,12.0,0.0,0.0,22.0,0.0,0.0,16.18,47.823,0.0,0.0,0.0,0.0,0.0,0.0,0.0,0.0
116,86,2024-03-01,24,0,0.0,24.7,12.0,0.0,0.0,22.0,0.0,0.0,21.18,47.823,0.0,0.0,0.0,0.0,0.0,0.0,0.0,0.0
116,86,2024-04-02,24,0,0.0,24.7,12.0,0.0,0.0,22.0,0.0,0.0,21.18,52.683,0.0,0.0,0.0,0.0,0.0,0.0,0.0,0.0
116,86,2025-01-20,25,0,0.0,35.7,12.0,0.0,0.0,22.0,0.0,0.0,21.18,52.683,0.0,0.0,0.0,0.0,0.0,0.0,0.0,0.0
117,2,2023-04-01,36,0,26.8,17.49,16.5,9.5,18.0,23.0,0.0,0.0,29.05,55.783,0.0,0.0,0.0,0.0,0.0,0.0,0.0,0.0
117,2,2023-09-21,36,0,26.8,17.49,16.5,9.5,18.0,23.0,0.0,0.0,34.65,69.553,0.0,0.0,0.0,0.0,0.0,0.0,0.0,0.0
117,2,2023-11-07,36,0,26.8,17.49,16.5,9.5,18.0,23.0,0.0,0.0,38.05,76.553,0.0,0.0,0.0,0.0,0.0,0.0,0.0,0.0
117,2,2024-01-22,36,0,26.8,20.99,16.5,9.5,18.0,23.0,0.0,0.0,38.05,76.553,0.0,0.0,0.0,0.0,0.0,0.0,0.0,0.0
117,2,2024-09-16,36,0,26.8,20.99,16.5,9.5,18.0,23.0,0.0,0.0,38.05,79.433,0.0,0.0,0.0,0.0,0.0,0.0,0.0,0.0
118,59,2023-04-01,37,4,129.0,4.0,0.0,21.0,0.0,11.0,0.0,0.0,0.0,8.1,0.0,0.659863,0.0,2.119332,0.0,0.0,0.0,0.0
118,59,2023-05-11,37,4,129.0,4.0,0.0,21.0,0.0,11.0,0.0,0.0,0.0,8.1,0.0,0.659863,0.0,1.698858,0.0,0.0,0.0,0.0
118,59,2023-10-05,37,4,129.0,4.0,0.0,21.0,0.0,11.0,0.0,0.0,0.0,8.1,0.0,0.659863,0.0,1.62618,0.0,0.0,0.0,0.0
118,59,2024-01-01,37,4,129.0,4.0,0.0,21.0,0.0,11.0,0.0,0.0,0.0,8.1,0.0,0.66513,0.0,1.635387,0.0,0.0,0.0,0.0
118,59,2024-06-04,37,4,129.0,4.0,0.0,21.0,0.0,22.0,0.0,0.0,0.0,8.1,0.0,0.66513,0.0,1.635387,0.0,0.0,0.0,0.0
118,59,2024-07-11,37,4,129.0,4.0,0.0,21.0,0.0,22.0,0.0,0.0,7.8,18.1,0.0,0.66513,0.0,1.635387,0.0,0.0,0.0,0.0
118,59,2024-08-19,37,4,129.0,4.0,0.0,21.0,0.0,22.0,0.0,0.0,7.8,18.1,0.0,0.66513,0.0,1.64419,0.0,0.0,0.0,0.0
119,87,2023-04-01,51,2,42.0,0.0,0.0,0.0,0.0,22.0,0.0,0.0,10.2,14.73,0.0,0.0,0.331641,0.0,0.0,0.6222,0.0,0.0
119,87,2023-04-06,51,2,42.0,0.0,0.0,0.0,0.0,22.0,0.0,0.0,10.2,14.73,0.0,0.0,0.299897,0.0,0.0,0.6222,0.0,0.0
119,87,2023-04-14,51,2,42.0,0.0,0.0,0.0,0.0,22.0,0.0,0.0,10.2,14.73,0.0,0.0,0.299897,0.0,0.0,0.598857,0.0,0.0
119,87,2023-05-09,51,2,42.0,0.0,0.0,0.0,0.0,22.0,0.0,0.0,17.4,20.73,0.0,0.0,0.299897,0.0,0.0,0.598857,0.0,0.0
119,87,2024-01-13,51,2,42.0,0.0,0.0,0.0,0.0,22.0,0.0,0.0,17.4,20.73,0.0,0.0,0.102063,0.0,0.0,0.598857,0.0,0.0
119,87,2024-02-07,51,2,42.0,0.0,0.0,0.0,0.0,22.0,0.0,0.0,17.4,20.73,0.0,0.0,0.102063,0.0,0.0,0.607328,0.0,0.0
119,87,2024-04-05,51,2,42.0,0.0,0.0,0.0,0.0,22.0,0.0,0.0,17.4,20.73,0.0,0.0,0.102063,0.0,0.0,0.584672,0.0,0.0
119,87,2025-03-18,51,2,42.0,0.0,0.0,0.0,0.0,33.0,0.0,0.0,17.4,20.73,0.0,0.0,0.102063,0.0,0.0,0.584672,0.0,0.0
120,88,2023-04-01,78,3,17.0,3.91,0.0,13.0,0.0,33.0,0.0,0.0,3.75,12.145,0.0,0.0,0.300783,0.0,0.0,0.0,0.0,0.0
120,88,2023-05-25,78,3,17.0,3.91,0.0,13.0,0.0,33.0,0.0,0.0,3.75,12.145,0.0,0.0,0.306262,0.0,0.0,0.0,0.0,0.0
120,88,2023-06-16,78,3,17.0,3.91,0.0,13.0,0.0,33.0,0.0,0.0,3.75,12.145,0.0,0.0,0.337088,0.0,0.0,0.0,0.0,0.0
120,88,2024-04-02,78,3,17.0,3.91,0.0,13.0,0.0,33.0,0.0,0.0,8.75,20.145,0.0,0.0,0.337088,0.0,0.0,0.0,0.0,0.0
121,89,2023-04-01,9,1,0.0,0.0,0.0,2.0,0.0,0.0,3.3,21.1,0.0,19.96,0.0,0.0,0.0,0.0,0.0,0.0,0.0,9.941336
121,89,2023-05-12,9,1,0.0,0.0,0.0,2.0,0.0,22.0,3.3,21.1,0.0,19.96,0.0,0.0,0.0,0.0,0.0,0.0,0.0,9.941336
121,89,2023-09-01,9,1,0.0,0.0,0.0,2.0,0.0,22.0,3.3,21.1,0.0,19.96,0.0,0.0,0.0,0.0,0.0,0.0,0.0,9.837166
122,8,2023-04-01,19,0,26.8,30.63,19.0,0.0,0.0,0.0,0.0,0.0,7.1,17.626,0.0,0.0,0.0,0.0,0.0,0.0,0.0,0.0
122,8,2023-09-04,19,0,26.8,30.63,19.0,0.0,0.0,11.0,0.0,0.0,7.1,17.626,0.0,0.0,0.0,0.0,0.0,0.0,0.0,0.0
122,8,2023-09-07,19,0,26.8,30.63,19.0,0.0,0.0,11.0,0.0,0.0,13.67,25.416,0.0,0.0,0.0,0.0,0.0,0.0,0.0,0.0
122,8,2023-09-23,19,0,26.8,30.63,19.0,0.0,0.0,11.0,0.0,0.0,17.17,29.416,0.0,0.0,0.0,0.0,0.0,0.0,0.0,0.0
123,81,2023-04-01,40,1,21.0,31.43,49.1,6.0,0.0,22.0,0.0,0.0,10.8,100.8,0.0,0.311986,0.0,0.0,0.0,0.0,0.0,0.0
123,81,2023-06-05,40,1,21.0,31.43,49.1,6.0,0.0,33.0,0.0,0.0,10.8,100.8,0.0,0.311986,0.0,0.0,0.0,0.0,0.0,0.0
123,81,2023-06-08,40,1,21.0,31.43,49.1,6.0,0.0,33.0,0.0,0.0,16.56,100.8,0.0,0.311986,0.0,0.0,0.0,0.0,0.0,0.0
123,81,2023-06-14,40,1,21.0,31.43,49.1,6.0,0.0,33.0,0.0,0.0,21.56,108.8,0.0,0.311986,0.0,0.0,0.0,0.0,0.0,0.0
123,81,2023-06-29,40,1,21.0,31.43,49.1,6.0,0.0,33.0,0.0,0.0,25.26,108.8,0.0,0.311986,0.0,0.0,0.0,0.0,0.0,0.0
123,81,2024-01-01,40,1,21.0,31.43,49.1,6.0,0.0,33.0,0.0,0.0,25.26,108.8,0.0,0.464595,0.0,0.0,0.0,0.0,0.0,0.0
123,81,2024-09-02,40,1,21.0,31.43,49.1,6.0,0.0,33.0,0.0,0.0,30.26,116.8,0.0,0.464595,0.0,0.0,0.0,0.0,0.0,0.0
123,81,2024-11-18,40,1,21.0,31.43,49.1,6.0,0.0,44.0,0.0,0.0,30.26,116.8,0.0,0.464595,0.0,0.0,0.0,0.0,0.0,0.0
123,81,2024-12-02,40,1,21.0,31.43,49.1,6.0,0.0,44.0,0.0,0.0,34.75,124.8,0.0,0.464595,0.0,0.0,0.0,0.0,0.0,0.0
123,81,2024-12-06,40,1,21.0,31.43,49.1,6.0,0.0,44.0,0.0,0.0,39.87,124.8,0.0,0.464595,0.0,0.0,0.0,0.0,0.0,0.0
124,90,2023-04-01,43,0,48.5,0.0,0.0,4.0,48.0,0.0,0.8,9.7,0.0,22.6,0.0,0.0,0.0,0.0,0.0,0.0,0.0,0.0
124,90,2023-07-11,44,0,48.5,0.0,0.0,4.0,48.0,0.0,0.8,9.7,0.0,22.6,0.0,0.0,0.0,0.0,0.0,0.0,0.0,0.0
124,90,2023-08-01,46,0,48.5,0.0,0.0,4.0,48.0,0.0,0.8,9.7,0.0,22.6,0.0,0.0,0.0,0.0,0.0,0.0,0.0,0.0
125,91,2023-04-01,44,3,15.0,13.38,3.0,3.4,0.0,0.0,5.5,82.8,0.0,7.1,0.0,0.0,6.828561,0.0,0.0,0.0,0.0,0.0
125,91,2023-07-22,44,3,15.0,13.38,3.0,3.4,0.0,0.0,5.5,82.8,0.0,15.1,0.0,0.0,6.828561,0.0,0.0,0.0,0.0,0.0
125,91,2023-08-11,44,3,15.0,13.38,3.0,3.4,0.0,0.0,5.5,82.8,5.0,15.1,0.0,0.0,6.828561,0.0,0.0,0.0,0.0,0.0
125,91,2023-08-14,44,3,15.0,13.38,3.0,3.4,0.0,0.0,5.5,82.8,11.0,22.1,0.0,0.0,6.828561,0.0,0.0,0.0,0.0,0.0
125,91,2023-09-21,44,3,15.0,13.38,3.0,3.4,0.0,0.0,5.5,82.8,11.0,22.1,0.0,0.0,7.357378,0.0,0.0,0.0,0.0,0.0
125,91,2023-09-25,44,3,15.0,13.38,3.0,3.4,0.0,0.0,5.5,82.8,11.0,22.1,0.0,0.0,7.35825,0.0,0.0,0.0,0.0,0.0
125,91,2024-10-23,44,3,15.0,13.38,3.0,3.4,0.0,0.0,5.5,82.8,14.8,26.1,0.0,0.0,7.35825,0.0,0.0,0.0,0.0,0.0
126,92,2023-04-01,0,2,0.0,0.0,12.0,0.0,0.0,0.0,0.0,0.0,0.0,0.0,0.0,0.0,0.0,0.0,12.297639,0.288593,0.0,0.0
126,92,2023-05-01,0,2,0.0,0.0,12.0,0.0,0.0,0.0,0.0,0.0,0.0,0.0,0.0,0.0,0.0,0.0,11.285484,0.288593,0.0,0.0
126,92,2023-06-01,0,2,0.0,0.0,12.0,0.0,0.0,0.0,0.0,0.0,0.0,0.0,0.0,0.0,0.0,0.0,13.436111,0.288593,0.0,0.0
126,92,2023-07-01,0,2,0.0,0.0,12.0,0.0,0.0,0.0,0.0,0.0,0.0,0.0,0.0,0.0,0.0,0.0,6.598253,0.288593,0.0,0.0
126,92,2023-07-19,0,2,0.0,0.0,12.0,0.0,0.0,0.0,0.0,0.0,0.0,0.0,0.0,0.0,0.0,0.0,6.598253,0.119132,0.0,0.0
126,92,2023-08-01,0,2,0.0,0.0,12.0,0.0,0.0,0.0,0.0,0.0,0.0,0.0,0.0,0.0,0.0,0.0,15.485753,0.119132,0.0,0.0
126,92,2023-09-01,0,2,0.0,0.0,12.0,0.0,0.0,0.0,0.0,0.0,0.0,0.0,0.0,0.0,0.0,0.0,16.69625,0.119132,0.0,0.0
126,92,2023-10-01,0,2,0.0,0.0,12.0,0.0,0.0,0.0,0.0,0.0,0.0,0.0,0.0,0.0,0.0,0.0,15.243414,0.119132,0.0,0.0
126,92,2023-11-01,0,2,0.0,0.0,12.0,0.0,0.0,0.0,0.0,0.0,0.0,0.0,0.0,0.0,0.0,0.0,15.326528,0.119132,0.0,0.0
126,92,2023-12-01,0,2,0.0,0.0,12.0,0.0,0.0,0.0,0.0,0.0,0.0,0.0,0.0,0.0,0.0,0.0,16.241262,0.119132,0.0,0.0
126,92,2024-01-01,0,2,0.0,0.0,12.0,0.0,0.0,0.0,0.0,0.0,0.0,0.0,0.0,0.0,0.0,0.0,16.327286,0.119132,0.0,0.0
126,92,2024-02-01,0,2,0.0,0.0,12.0,0.0,0.0,0.0,0.0,0.0,0.0,0.0,0.0,0.0,0.0,0.0,15.201724,0.119132,0.0,0.0
126,92,2024-03-01,0,2,0.0,0.0,12.0,0.0,0.0,0.0,0.0,0.0,0.0,0.0,0.0,0.0,0.0,0.0,17.381184,0.119132,0.0,0.0
126,92,2024-04-01,0,2,0.0,0.0,12.0,0.0,0.0,0.0,0.0,0.0,0.0,0.0,0.0,0.0,0.0,0.0,17.901943,0.119132,0.0,0.0
126,92,2024-05-01,0,2,0.0,0.0,12.0,0.0,0.0,0.0,0.0,0.0,0.0,0.0,0.0,0.0,0.0,0.0,17.781855,0.119132,0.0,0.0
126,92,2024-05-17,0,3,0.0,0.0,12.0,0.0,0.0,0.0,0.0,0.0,0.0,0.0,0.0,0.0,0.0,0.0,17.781855,0.119132,0.0,0.0
126,92,2024-06-01,0,3,0.0,0.0,12.0,0.0,0.0,0.0,0.0,0.0,0.0,0.0,0.0,0.0,0.0,0.0,18.976389,0.119132,0.0,0.0
126,92,2024-07-01,0,3,0.0,0.0,12.0,0.0,0.0,0.0,0.0,0.0,0.0,0.0,0.0,0.0,0.0,0.0,17.610888,0.119132,0.0,0.0
126,92,2024-08-01,0,3,0.0,0.0,12.0,0.0,0.0,0.0,0.0,0.0,0.0,0.0,0.0,0.0,0.0,0.0,17.383738,0.119132,0.0,0.0
126,92,2024-09-01,0,3,0.0,0.0,12.0,0.0,0.0,0.0,0.0,0.0,0.0,0.0,0.0,0.0,0.0,0.0,13.911111,0.119132,0.0,0.0
126,92,2024-10-01,0,3,0.0,0.0,12.0,0.0,0.0,0.0,0.0,0.0,0.0,0.0,0.0,0.0,0.0,0.0,14.124462,0.119132,0.0,0.0
126,92,2024-11-01,0,3,0.0,0.0,12.0,0.0,0.0,0.0,0.0,0.0,0.0,0.0,0.0,0.0,0.0,0.0,16.7425,0.119132,0.0,0.0
126,92,2024-12-01,0,3,0.0,0.0,12.0,0.0,0.0,0.0,0.0,0.0,0.0,0.0,0.0,0.0,0.0,0.0,19.971237,0.119132,0.0,0.0
126,92,2025-01-01,0,3,0.0,0.0,12.0,0.0,0.0,0.0,0.0,0.0,0.0,0.0,0.0,0.0,0.0,0.0,19.616262,0.119132,0.0,0.0
126,92,2025-02-01,0,3,0.0,0.0,12.0,0.0,0.0,0.0,0.0,0.0,0.0,0.0,0.0,0.0,0.0,0.0,18.218304,0.119132,0.0,0.0
126,92,2025-03-01,0,3,0.0,0.0,12.0,0.0,0.0,0.0,0.0,0.0,0.0,0.0,0.0,0.0,0.0,0.0,16.627687,0.119132,0.0,0.0
127,49,2023-04-01,85,0,0.0,5.8,0.0,0.0,0.0,0.0,0.0,0.0,0.0,45.9,0.0,0.0,0.0,0.0,0.0,0.0,0.0,0.0
127,49,2023-05-22,85,0,0.0,5.8,0.0,0.0,0.0,11.0,0.0,0.0,0.0,45.9,0.0,0.0,0.0,0.0,0.0,0.0,0.0,0.0
127,49,2023-05-31,85,0,0.0,5.8,0.0,0.0,0.0,11.0,0.0,0.0,7.0,55.9,0.0,0.0,0.0,0.0,0.0,0.0,0.0,0.0
128,9,2023-04-01,22,0,0.0,5.3,0.0,12.8,0.0,11.0,0.0,0.0,16.75,43.784,0.0,0.0,0.0,0.0,0.0,0.0,0.0,0.0
128,9,2023-11-24,22,0,0.0,5.3,0.0,12.8,0.0,11.0,0.0,0.0,26.75,53.784,0.0,0.0,0.0,0.0,0.0,0.0,0.0,0.0
128,9,2023-11-29,22,0,0.0,5.3,0.0,12.8,0.0,11.0,0.0,0.0,36.75,63.784,0.0,0.0,0.0,0.0,0.0,0.0,0.0,0.0
129,47,2023-04-01,34,0,84.0,0.0,0.0,23.0,0.0,22.0,0.0,0.0,0.0,5.125,0.0,0.0,0.0,0.0,0.0,0.0,0.0,0.0
129,47,2023-06-28,34,0,84.0,0.0,0.0,23.0,0.0,22.0,0.0,0.0,3.4,12.095,0.0,0.0,0.0,0.0,0.0,0.0,0.0,0.0
129,47,2023-07-04,34,0,84.0,0.0,0.0,23.0,0.0,22.0,0.0,0.0,13.4,20.565,0.0,0.0,0.0,0.0,0.0,0.0,0.0,0.0
129,47,2023-10-27,34,0,84.0,0.0,0.0,23.0,0.0,22.0,0.0,0.0,20.4,30.565,0.0,0.0,0.0,0.0,0.0,0.0,0.0,0.0
130,93,2023-04-01,31,1,39.0,9.34,4.0,6.0,21.0,0.0,0.0,0.0,0.0,5.0,0.0,0.0,0.198257,0.0,0.0,0.0,0.0,0.0
130,93,2023-05-09,31,1,39.0,9.34,4.0,6.0,21.0,0.0,0.0,0.0,0.0,5.0,0.0,0.0,0.279924,0.0,0.0,0.0,0.0,0.0
130,93,2023-11-30,34,1,39.0,9.34,4.0,6.0,21.0,0.0,0.0,0.0,0.0,5.0,0.0,0.0,0.279924,0.0,0.0,0.0,0.0,0.0
130,93,2023-12-05,34,1,39.0,18.34,4.0,6.0,21.0,0.0,0.0,0.0,0.0,5.0,0.0,0.0,0.279924,0.0,0.0,0.0,0.0,0.0
130,93,2023-12-06,34,1,39.0,18.34,4.0,6.0,21.0,0.0,0.0,0.0,5.0,12.65,0.0,0.0,0.279924,0.0,0.0,0.0,0.0,0.0
130,93,2023-12-08,34,1,48.0,34.34,4.0,15.0,21.0,0.0,0.0,0.0,5.0,12.65,0.0,0.0,0.279924,0.0,0.0,0.0,0.0,0.0
130,93,2024-03-01,34,1,48.0,34.34,4.0,15.0,21.0,0.0,0.0,0.0,5.0,12.65,0.0,0.0,0.107,0.0,0.0,0.0,0.0,0.0
130,93,2024-03-21,34,1,48.0,34.34,4.0,15.0,21.0,0.0,0.0,0.0,5.0,17.45,0.0,0.0,0.107,0.0,0.0,0.0,0.0,0.0
130,93,2024-12-17,35,1,48.0,34.34,4.0,15.0,21.0,0.0,0.0,0.0,5.0,17.45,0.0,0.0,0.107,0.0,0.0,0.0,0.0,0.0
131,74,2023-04-01,44,3,106.0,4.7,9.84,2.0,21.0,0.0,0.0,0.0,0.0,14.4,0.0,0.0,0.0,2.11859,0.502078,0.0,0.0,0.12121
131,74,2023-06-20,44,3,106.0,4.7,9.84,2.0,21.0,0.0,0.0,0.0,11.0,26.4,0.0,0.0,0.0,2.11859,0.502078,0.0,0.0,0.12121
131,74,2023-07-19,44,3,106.0,4.7,9.84,2.0,21.0,0.0,0.0,0.0,11.0,26.4,0.0,0.0,0.0,1.66982,0.502078,0.0,0.0,0.12121
131,74,2023-08-10,44,3,106.0,4.7,9.84,2.0,21.0,0.0,0.0,0.0,11.0,26.4,0.0,0.0,0.0,1.66982,0.502078,0.0,0.0,0.148203
131,74,2024-01-01,44,3,106.0,4.7,9.84,2.0,21.0,0.0,0.0,0.0,11.0,26.4,0.0,0.0,0.0,1.66982,0.500251,0.0,0.0,0.148203
131,74,2024-01-24,44,3,106.0,4.7,9.84,2.0,21.0,0.0,0.0,0.0,11.0,26.4,0.0,0.0,0.0,1.123678,0.500251,0.0,0.0,0.148203
131,74,2024-01-25,44,3,106.0,4.7,9.84,2.0,21.0,0.0,0.0,0.0,11.0,26.4,0.0,0.0,0.0,2.059028,0.500251,0.0,0.0,0.148203
131,74,2024-03-01,44,3,106.0,4.7,9.84,2.0,21.0,0.0,0.0,0.0,11.0,26.4,0.0,0.0,0.0,1.906023,0.500251,0.0,0.0,0.148203
131,74,2024-09-01,44,3,106.0,4.7,9.84,2.0,21.0,0.0,0.0,0.0,11.0,26.4,0.0,0.0,0.0,2.089823,0.500251,0.0,0.0,0.148203
131,74,2025-01-01,44,3,106.0,4.7,9.84,2.0,21.0,0.0,0.0,0.0,11.0,26.4,0.0,0.0,0.0,2.089823,0.498242,0.0,0.0,0.148203
131,74,2025-03-06,44,3,106.0,4.7,9.84,2.0,21.0,0.0,0.0,0.0,11.0,26.4,0.0,0.0,0.0,2.089823,0.142448,0.0,0.0,0.148203
131,74,2025-03-07,44,3,106.0,4.7,9.84,2.0,21.0,0.0,0.0,0.0,11.0,26.4,0.0,0.0,0.0,2.089823,0.525,0.0,0.0,0.148203
132,9,2023-04-01,47,0,15.0,12.26,0.0,10.5,0.0,11.0,0.0,0.0,0.0,78.504,0.0,0.0,0.0,0.0,0.0,0.0,0.0,0.0
132,9,2023-05-10,47,0,15.0,12.26,0.0,10.5,0.0,11.0,0.0,0.0,4.6,85.504,0.0,0.0,0.0,0.0,0.0,0.0,0.0,0.0
132,9,2023-08-21,47,0,15.0,12.26,0.0,10.5,0.0,11.0,0.0,0.0,4.6,90.104,0.0,0.0,0.0,0.0,0.0,0.0,0.0,0.0
132,9,2024-02-23,47,0,15.0,12.26,0.0,10.5,0.0,11.0,0.0,0.0,9.6,95.104,0.0,0.0,0.0,0.0,0.0,0.0,0.0,0.0
132,9,2024-03-25,47,0,15.0,12.26,0.0,10.5,0.0,11.0,0.0,0.0,16.4,103.104,0.0,0.0,0.0,0.0,0.0,0.0,0.0,0.0
132,9,2024-07-08,47,0,15.0,12.26,0.0,10.5,0.0,22.0,0.0,0.0,16.4,103.104,0.0,0.0,0.0,0.0,0.0,0.0,0.0,0.0
133,13,2023-04-01,66,1,32.0,0.0,0.0,7.0,138.0,0.0,0.0,0.0,0.0,0.0,0.0,0.0,0.161766,0.0,0.0,0.0,0.0,0.0
133,13,2023-12-28,66,1,32.0,0.0,0.0,7.0,138.0,0.0,0.0,0.0,0.0,0.0,0.0,0.0,0.168989,0.0,0.0,0.0,0.0,0.0
134,26,2023-04-01,161,3,0.0,0.0,0.0,0.0,0.0,11.0,0.0,0.0,0.0,89.762,0.0,0.0,1.019523,0.0,0.038427,0.0,0.0,0.0
134,26,2023-05-19,161,3,0.0,0.0,0.0,0.0,0.0,11.0,0.0,0.0,3.0,95.762,0.0,0.0,1.019523,0.0,0.038427,0.0,0.0,0.0
134,26,2023-07-25,161,3,0.0,0.0,0.0,0.0,0.0,11.0,0.0,0.0,3.0,95.762,0.0,0.0,1.019523,0.0,0.077952,0.0,0.0,0.0
134,26,2023-08-07,161,3,0.0,0.0,0.0,0.0,0.0,11.0,0.0,0.0,3.0,95.762,0.0,0.0,0.775898,0.0,0.077952,0.0,0.0,0.0
134,26,2023-10-24,161,3,0.0,0.0,0.0,0.0,0.0,11.0,0.0,0.0,3.0,95.762,0.0,0.0,0.784341,0.0,0.077952,0.0,0.0,0.0
134,26,2024-01-01,161,3,0.0,0.0,0.0,0.0,0.0,11.0,0.0,0.0,3.0,95.762,0.0,0.0,0.977354,0.0,0.077952,0.0,0.0,0.0
134,26,2024-07-30,161,3,0.0,0.0,0.0,0.0,0.0,11.0,0.0,0.0,3.0,95.762,0.0,0.0,0.879815,0.0,0.077952,0.0,0.0,0.0
135,94,2023-04-01,25,0,52.8,0.0,2.0,2.0,21.0,0.0,0.0,0.0,0.0,3.45,0.0,0.0,0.0,0.0,0.0,0.0,0.0,0.0
135,94,2024-04-24,25,0,52.8,0.0,2.0,2.0,21.0,0.0,0.0,0.0,0.0,13.45,0.0,0.0,0.0,0.0,0.0,0.0,0.0,0.0
136,66,2023-04-01,50,0,0.0,5.5,0.0,0.0,120.0,77.0,0.0,0.0,14.5,65.101,0.0,0.0,0.0,0.0,0.0,0.0,0.0,0.0
136,66,2024-03-18,50,0,0.0,5.5,0.0,0.0,120.0,77.0,0.0,0.0,14.5,74.101,0.0,0.0,0.0,0.0,0.0,0.0,0.0,0.0
136,66,2024-06-14,50,0,0.0,5.5,0.0,0.0,120.0,77.0,0.0,0.0,19.1,84.101,0.0,0.0,0.0,0.0,0.0,0.0,0.0,0.0
137,95,2023-04-01,34,0,24.6,10.8,48.9,48.0,0.0,22.0,0.0,0.0,15.8,42.484,0.0,0.0,0.0,0.0,0.0,0.0,0.0,0.0
137,95,2024-09-09,35,0,24.6,20.8,48.9,48.0,0.0,22.0,0.0,0.0,15.8,42.484,0.0,0.0,0.0,0.0,0.0,0.0,0.0,0.0
137,95,2024-10-04,35,0,24.6,20.8,48.9,48.0,0.0,22.0,0.0,0.0,22.37,52.484,0.0,0.0,0.0,0.0,0.0,0.0,0.0,0.0
138,41,2023-04-01,36,1,61.0,5.7,6.0,8.0,51.0,0.0,0.0,0.0,0.0,12.76,0.0,0.0,0.0,0.0,0.0,0.0,0.0,1.320312
138,41,2023-04-19,36,1,61.0,5.7,6.0,8.0,51.0,0.0,0.0,0.0,0.0,12.76,0.0,0.0,0.0,0.0,0.0,0.0,0.0,2.611435
138,41,2023-05-03,36,1,61.0,5.7,6.0,8.0,51.0,0.0,0.0,0.0,10.0,22.76,0.0,0.0,0.0,0.0,0.0,0.0,0.0,2.611435
138,41,2023-06-06,36,1,61.0,5.7,6.0,8.0,51.0,0.0,0.0,0.0,10.0,29.76,0.0,0.0,0.0,0.0,0.0,0.0,0.0,2.611435
138,41,2023-07-27,36,1,61.0,5.7,6.0,8.0,51.0,0.0,0.0,0.0,14.0,29.76,0.0,0.0,0.0,0.0,0.0,0.0,0.0,2.611435
138,41,2024-02-22,36,1,61.0,5.7,6.0,8.0,51.0,0.0,0.0,0.0,14.0,29.76,0.0,0.0,0.0,0.0,0.0,0.0,0.0,3.545294
138,41,2024-02-24,36,1,61.0,5.7,6.0,8.0,51.0,0.0,0.0,0.0,14.0,29.76,0.0,0.0,0.0,0.0,0.0,0.0,0.0,4.189189
138,41,2024-04-01,36,1,61.0,5.7,6.0,8.0,51.0,0.0,0.0,0.0,14.0,29.76,0.0,0.0,0.0,0.0,0.0,0.0,0.0,2.790278
138,41,2024-04-25,36,1,61.0,5.7,6.0,8.0,51.0,0.0,0.0,0.0,30.38,44.76,0.0,0.0,0.0,0.0,0.0,0.0,0.0,2.790278
139,96,2023-04-01,17,0,30.0,11.3,0.0,17.8,0.0,11.0,0.0,0.0,5.32,55.366,0.0,0.0,0.0,0.0,0.0,0.0,0.0,0.0
140,97,2023-04-01,35,10,0.0,0.0,0.0,11.0,0.0,121.0,0.0,0.0,0.0,0.0,0.0,1.76647,0.862488,3.117521,0.0,0.209393,0.0,0.0
140,97,2023-05-04,35,10,0.0,0.0,0.0,11.0,0.0,121.0,0.0,0.0,0.0,0.0,0.0,1.76647,0.862488,3.117521,0.0,0.189257,0.0,0.0
140,97,2023-05-26,35,10,0.0,0.0,0.0,11.0,0.0,121.0,0.0,0.0,0.0,0.0,0.0,1.76647,0.826505,3.117521,0.0,0.189257,0.0,0.0
140,97,2023-06-01,35,10,0.0,0.0,0.0,11.0,0.0,121.0,0.0,0.0,0.0,0.0,0.0,1.876701,0.826505,3.117521,0.0,0.189257,0.0,0.0
140,97,2023-06-28,35,10,0.0,0.0,0.0,11.0,0.0,121.0,0.0,0.0,1.28,3.2,0.0,1.876701,0.826505,3.117521,0.0,0.189257,0.0,0.0
140,97,2023-07-17,35,10,0.0,0.0,0.0,11.0,0.0,121.0,0.0,0.0,1.28,3.2,0.0,1.87923,0.826505,3.117521,0.0,0.189257,0.0,0.0
140,97,2023-07-29,35,10,0.0,0.0,0.0,11.0,0.0,121.0,0.0,0.0,1.28,3.2,0.0,1.87923,0.826505,3.345004,0.0,0.189257,0.0,0.0
140,97,2023-08-07,35,10,0.0,0.0,0.0,11.0,0.0,121.0,0.0,0.0,1.28,3.2,0.0,1.386006,0.826505,3.345004,0.0,0.197346,0.0,0.0
140,97,2023-10-02,35,10,0.0,0.0,0.0,11.0,0.0,121.0,0.0,0.0,1.28,3.2,0.0,1.386006,0.826505,3.345004,0.0,0.154404,0.0,0.0
140,97,2024-01-01,35,10,0.0,0.0,0.0,11.0,0.0,121.0,0.0,0.0,1.28,3.2,0.0,1.350011,0.793099,2.659166,0.0,0.154404,0.0,0.0
140,97,2024-02-21,35,10,0.0,0.0,0.0,11.0,0.0,121.0,0.0,0.0,1.28,3.2,0.0,1.350011,0.793099,2.659166,0.0,0.474934,0.0,0.0
140,97,2024-03-01,35,10,0.0,0.0,0.0,11.0,0.0,121.0,0.0,0.0,1.28,3.2,0.0,1.350011,0.793099,3.070388,0.0,0.474934,0.0,0.0
140,97,2024-08-31,35,10,0.0,0.0,0.0,11.0,0.0,121.0,0.0,0.0,1.28,3.2,0.0,1.350011,0.793099,3.070388,0.0,0.462648,0.0,0.0
140,97,2024-10-01,35,10,0.0,0.0,0.0,11.0,0.0,121.0,0.0,0.0,1.28,3.2,0.0,1.350011,0.793099,3.070388,0.0,0.418293,0.0,0.0
141,98,2023-04-01,20,0,129.3,0.0,19.5,0.0,0.0,11.0,0.0,0.0,4.6,48.79,0.0,0.0,0.0,0.0,0.0,0.0,0.0,0.0
141,98,2023-12-20,20,0,129.3,0.0,19.5,0.0,0.0,33.0,0.0,0.0,4.6,48.79,0.0,0.0,0.0,0.0,0.0,0.0,0.0,0.0
141,98,2024-01-11,20,0,129.3,0.0,19.5,0.0,0.0,33.0,0.0,0.0,4.6,52.57,0.0,0.0,0.0,0.0,0.0,0.0,0.0,0.0
141,98,2024-03-11,20,0,129.3,0.0,19.5,0.0,0.0,33.0,0.0,0.0,13.61,62.29,0.0,0.0,0.0,0.0,0.0,0.0,0.0,0.0
141,98,2025-01-29,20,0,129.3,0.0,19.5,0.0,0.0,33.0,0.0,0.0,18.61,68.29,0.0,0.0,0.0,0.0,0.0,0.0,0.0,0.0
142,62,2023-04-01,46,1,0.0,6.79,58.0,10.0,0.0,0.0,0.0,0.0,4.5,39.255,0.0,0.0,0.0,0.0,0.0,0.0,0.0,2.165594
142,62,2023-05-16,46,1,0.0,6.79,58.0,10.0,0.0,0.0,0.0,0.0,9.5,47.255,0.0,0.0,0.0,0.0,0.0,0.0,0.0,2.165594
142,62,2024-01-01,46,1,0.0,6.79,58.0,10.0,0.0,0.0,0.0,0.0,9.5,47.255,0.0,0.0,0.0,0.0,0.0,0.0,0.0,2.396744
142,62,2024-06-25,46,1,0.0,6.79,58.0,10.0,0.0,0.0,0.0,0.0,9.5,62.255,0.0,0.0,0.0,0.0,0.0,0.0,0.0,2.396744
142,62,2024-08-23,46,1,0.0,6.79,58.0,10.0,0.0,0.0,0.0,0.0,19.5,62.255,0.0,0.0,0.0,0.0,0.0,0.0,0.0,2.396744
142,62,2024-12-17,46,1,0.0,6.79,58.0,10.0,0.0,0.0,0.0,0.0,44.7,86.955,0.0,0.0,0.0,0.0,0.0,0.0,0.0,2.396744
142,62,2025-01-06,46,1,0.0,6.79,58.0,10.0,0.0,0.0,0.0,0.0,48.7,92.955,0.0,0.0,0.0,0.0,0.0,0.0,0.0,2.396744
143,99,2023-04-01,7,10,0.0,14.0,0.0,0.0,0.0,66.0,0.0,0.0,0.0,11.68,0.0,5.764515,7.585109,0.0,0.0,0.997146,0.0,0.0
143,99,2023-04-26,7,10,0.0,14.0,0.0,0.0,0.0,66.0,0.0,0.0,0.0,11.68,0.0,5.685563,7.547485,0.0,0.0,0.997146,0.0,0.0
143,99,2023-04-27,7,10,0.0,14.0,0.0,0.0,0.0,66.0,0.0,0.0,0.0,11.68,0.0,5.685563,6.62497,0.0,0.0,0.997146,0.0,0.0
143,99,2023-05-12,7,10,0.0,14.0,0.0,0.0,0.0,66.0,0.0,0.0,0.0,11.68,0.0,5.685563,7.462938,0.0,0.0,0.997146,0.0,0.0
143,99,2023-05-19,7,10,0.0,14.0,0.0,0.0,0.0,66.0,0.0,0.0,0.0,11.68,0.0,5.686102,7.659504,0.0,0.0,0.997146,0.0,0.0
143,99,2023-06-01,7,10,0.0,14.0,0.0,0.0,0.0,66.0,0.0,0.0,0.0,11.68,0.0,5.686102,7.659504,0.0,0.0,0.992486,0.0,0.0
143,99,2023-09-01,7,10,0.0,14.0,0.0,0.0,0.0,66.0,0.0,0.0,0.0,11.68,0.0,5.794824,7.76522,0.0,0.0,0.992486,0.0,0.0
143,99,2024-01-01,7,10,0.0,14.0,0.0,0.0,0.0,66.0,0.0,0.0,0.0,11.68,0.0,5.613391,7.442896,0.0,0.0,0.992486,0.0,0.0
143,99,2024-04-01,7,10,0.0,14.0,0.0,0.0,0.0,66.0,0.0,0.0,0.0,11.68,0.0,5.613391,7.036563,0.0,0.0,0.992486,0.0,0.0
143,99,2024-05-19,7,10,0.0,14.0,0.0,0.0,0.0,66.0,0.0,0.0,0.0,11.68,0.0,5.606133,7.036563,0.0,0.0,0.992486,0.0,0.0
143,99,2024-06-01,7,10,0.0,14.0,0.0,0.0,0.0,66.0,0.0,0.0,0.0,11.68,0.0,5.576288,7.039212,0.0,0.0,1.000195,0.0,0.0
144,76,2023-04-01,37,0,65.0,0.0,0.0,10.0,0.0,11.0,0.0,0.0,11.4,13.811,0.0,0.0,0.0,0.0,0.0,0.0,0.0,0.0
144,76,2023-09-27,37,0,65.0,0.0,0.0,10.0,0.0,11.0,0.0,0.0,21.4,29.811,0.0,0.0,0.0,0.0,0.0,0.0,0.0,0.0
145,100,2023-04-01,27,1,54.0,0.0,5.6,6.0,0.0,22.0,0.0,0.0,6.5,27.195,0.0,0.0,0.0,0.0,0.0,0.0,0.0,0.303805
145,100,2023-04-28,27,1,54.0,0.0,5.6,6.0,0.0,22.0,0.0,0.0,6.5,27.195,0.0,0.0,0.0,0.0,0.0,0.0,0.0,0.438791
145,100,2024-04-01,27,1,54.0,0.0,5.6,6.0,0.0,22.0,0.0,0.0,6.5,27.195,0.0,0.0,0.0,0.0,0.0,0.0,0.0,0.3
146,101,2023-04-01,0,7,6.0,13.9,0.0,0.0,0.0,0.0,0.0,0.0,3.3,85.71,0.0,2.620737,1.903145,0.0,0.0,2.785219,0.0,0.0
146,101,2023-04-05,0,7,6.0,13.9,0.0,0.0,0.0,0.0,0.0,0.0,3.3,85.71,0.0,2.620737,1.903145,0.0,0.0,2.229166,0.0,0.0
146,101,2023-05-01,0,7,6.0,13.9,0.0,0.0,0.0,0.0,0.0,0.0,3.3,85.71,0.0,2.620737,2.476178,0.0,0.0,2.229166,0.0,0.0
146,101,2023-06-22,0,7,6.0,13.9,0.0,0.0,0.0,0.0,0.0,0.0,3.3,85.71,0.0,2.620737,1.586053,0.0,0.0,2.229166,0.0,0.0
146,101,2024-01-01,0,7,6.0,13.9,0.0,0.0,0.0,0.0,0.0,0.0,3.3,85.71,0.0,2.620737,1.933977,0.0,0.0,2.229166,0.0,0.0
146,101,2024-01-10,0,7,6.0,13.9,0.0,0.0,0.0,0.0,0.0,0.0,3.3,85.71,0.0,2.620737,1.935382,0.0,0.0,2.229166,0.0,0.0
146,101,2024-01-11,0,7,6.0,13.9,0.0,0.0,0.0,0.0,0.0,0.0,3.3,85.71,0.0,2.620737,1.931407,0.0,0.0,2.229166,0.0,0.0
146,101,2024-01-13,0,7,6.0,13.9,0.0,0.0,0.0,0.0,0.0,0.0,3.3,85.71,0.0,2.620737,2.396541,0.0,0.0,2.229166,0.0,0.0
146,101,2024-01-16,0,7,6.0,13.9,0.0,0.0,0.0,0.0,0.0,0.0,3.3,85.71,0.0,2.620737,2.396924,0.0,0.0,2.229166,0.0,0.0
146,101,2024-03-01,0,7,6.0,13.9,0.0,0.0,0.0,0.0,0.0,0.0,3.3,85.71,0.0,2.620737,2.341257,0.0,0.0,2.229166,0.0,0.0
146,101,2025-01-14,0,7,6.0,13.9,0.0,0.0,0.0,0.0,0.0,0.0,3.3,85.71,0.0,2.620737,2.327726,0.0,0.0,2.229166,0.0,0.0
147,36,2023-04-01,17,0,9.0,29.23,10.7,0.0,0.0,55.0,0.0,0.0,12.6,55.779,0.0,0.0,0.0,0.0,0.0,0.0,0.0,0.0
147,36,2023-06-29,17,0,9.0,29.23,10.7,0.0,0.0,55.0,0.0,0.0,12.6,65.779,0.0,0.0,0.0,0.0,0.0,0.0,0.0,0.0
147,36,2023-11-06,18,0,9.0,29.23,10.7,0.0,0.0,55.0,0.0,0.0,12.6,65.779,0.0,0.0,0.0,0.0,0.0,0.0,0.0,0.0
147,36,2023-11-13,18,0,9.0,29.23,10.7,0.0,0.0,55.0,0.0,0.0,12.6,80.779,0.0,0.0,0.0,0.0,0.0,0.0,0.0,0.0
148,86,2023-04-01,18,0,6.0,49.15,6.0,0.0,0.0,22.0,0.0,0.0,18.76,41.187,0.0,0.0,0.0,0.0,0.0,0.0,0.0,0.0
148,86,2023-07-19,18,0,6.0,49.15,6.0,0.0,0.0,22.0,0.0,0.0,28.76,51.187,0.0,0.0,0.0,0.0,0.0,0.0,0.0,0.0
148,86,2023-08-16,18,0,6.0,49.15,6.0,0.0,0.0,44.0,0.0,0.0,28.76,51.187,0.0,0.0,0.0,0.0,0.0,0.0,0.0,0.0
148,86,2024-02-22,18,0,6.0,49.15,6.0,0.0,0.0,44.0,0.0,0.0,28.76,60.647,0.0,0.0,0.0,0.0,0.0,0.0,0.0,0.0
148,86,2024-04-16,18,0,6.0,49.15,6.0,0.0,0.0,44.0,0.0,0.0,38.76,70.647,0.0,0.0,0.0,0.0,0.0,0.0,0.0,0.0
148,86,2024-04-29,18,0,6.0,49.15,6.0,0.0,0.0,66.0,0.0,0.0,38.76,70.647,0.0,0.0,0.0,0.0,0.0,0.0,0.0,0.0
148,86,2025-01-30,18,0,6.0,49.15,6.0,0.0,0.0,66.0,0.0,0.0,44.39,70.647,0.0,0.0,0.0,0.0,0.0,0.0,0.0,0.0
149,25,2023-04-01,69,1,26.8,13.3,0.0,12.0,0.0,0.0,0.0,0.0,3.5,108.72,0.0,0.0,0.622043,0.0,0.0,0.0,0.0,0.0
149,25,2023-08-22,69,1,26.8,13.3,0.0,12.0,0.0,0.0,0.0,0.0,10.7,114.72,0.0,0.0,0.622043,0.0,0.0,0.0,0.0,0.0
149,25,2024-01-01,69,1,26.8,13.3,0.0,12.0,0.0,0.0,0.0,0.0,10.7,114.72,0.0,0.0,0.575546,0.0,0.0,0.0,0.0,0.0
149,25,2024-07-31,69,1,26.8,13.3,0.0,12.0,0.0,0.0,0.0,0.0,10.7,120.505,0.0,0.0,0.575546,0.0,0.0,0.0,0.0,0.0
150,78,2023-04-01,14,0,0.0,0.0,0.0,3.0,0.0,22.0,0.0,0.0,4.8,66.58,0.0,0.0,0.0,0.0,0.0,0.0,0.0,0.0
151,102,2023-04-01,39,0,8.24,23.4,65.75,9.0,0.0,65.0,0.0,3.0,14.75,93.583,0.0,0.0,0.0,0.0,0.0,0.0,0.0,0.0
151,102,2023-05-05,39,0,8.24,23.4,65.75,9.0,0.0,65.0,0.0,3.0,19.75,103.583,0.0,0.0,0.0,0.0,0.0,0.0,0.0,0.0
151,102,2023-07-19,39,0,8.24,23.4,65.75,9.0,0.0,65.0,0.0,3.0,28.1,112.783,0.0,0.0,0.0,0.0,0.0,0.0,0.0,0.0
151,102,2023-08-22,39,0,8.24,23.4,65.75,9.0,0.0,65.0,0.0,3.0,34.6,122.663,0.0,0.0,0.0,0.0,0.0,0.0,0.0,0.0
151,102,2023-11-21,39,0,8.24,23.4,65.75,9.0,0.0,65.0,0.0,3.0,42.6,122.663,0.0,0.0,0.0,0.0,0.0,0.0,0.0,0.0
151,102,2023-11-23,39,0,8.24,23.4,65.75,9.0,0.0,76.0,0.0,3.0,42.6,122.663,0.0,0.0,0.0,0.0,0.0,0.0,0.0,0.0
151,102,2023-12-01,39,0,8.24,33.4,65.75,9.0,0.0,76.0,0.0,3.0,42.6,122.663,0.0,0.0,0.0,0.0,0.0,0.0,0.0,0.0
152,33,2023-04-01,39,0,96.0,0.0,0.0,40.0,0.0,33.0,0.0,0.0,0.0,11.76,0.0,0.0,0.0,0.0,0.0,0.0,0.0,0.0
152,33,2023-10-11,39,0,96.0,0.0,0.0,40.0,0.0,33.0,0.0,0.0,7.8,21.885,0.0,0.0,0.0,0.0,0.0,0.0,0.0,0.0
152,33,2024-11-15,43,0,96.0,3.5,0.0,40.0,0.0,33.0,0.0,0.0,7.8,21.885,0.0,0.0,0.0,0.0,0.0,0.0,0.0,0.0
153,103,2023-04-01,10,0,6.0,20.0,0.0,0.0,0.0,22.0,0.0,0.0,16.74,46.838,0.0,0.0,0.0,0.0,0.0,0.0,0.0,0.0
153,103,2023-05-08,10,0,6.0,20.0,0.0,0.0,0.0,22.0,0.0,0.0,19.24,61.838,0.0,0.0,0.0,0.0,0.0,0.0,0.0,0.0
153,103,2023-06-28,10,0,6.0,20.0,0.0,0.0,0.0,22.0,0.0,0.0,19.24,71.838,0.0,0.0,0.0,0.0,0.0,0.0,0.0,0.0
153,103,2023-08-10,10,0,6.0,20.0,0.0,0.0,0.0,22.0,0.0,0.0,26.24,81.838,0.0,0.0,0.0,0.0,0.0,0.0,0.0,0.0
153,103,2023-11-21,10,0,6.0,20.0,0.0,0.0,0.0,22.0,0.0,0.0,32.0,81.838,0.0,0.0,0.0,0.0,0.0,0.0,0.0,0.0
153,103,2024-08-01,10,0,6.0,20.0,0.0,0.0,0.0,22.0,0.0,0.0,32.0,82.638,0.0,0.0,0.0,0.0,0.0,0.0,0.0,0.0
154,22,2023-04-01,12,1,89.6,16.8,8.99,0.0,0.0,0.0,0.0,0.0,0.0,60.35,0.0,0.0,0.0,0.0,0.0,0.0,0.666578,0.0
154,22,2023-07-12,12,1,89.6,16.8,8.99,0.0,0.0,0.0,0.0,0.0,0.0,60.35,0.0,0.0,0.0,0.0,0.0,0.0,0.77074,0.0
154,22,2024-07-05,12,1,89.6,16.8,8.99,0.0,0.0,0.0,0.0,0.0,0.0,60.35,0.0,0.0,0.0,0.0,0.0,0.0,0.913128,0.0
154,22,2024-11-08,12,1,89.6,16.8,8.99,0.0,0.0,0.0,0.0,0.0,0.0,60.35,0.0,0.0,0.0,0.0,0.0,0.0,0.688856,0.0
154,22,2024-11-10,12,1,89.6,16.8,8.99,0.0,0.0,0.0,0.0,0.0,0.0,60.35,0.0,0.0,0.0,0.0,0.0,0.0,0.751985,0.0
154,22,2024-12-01,12,1,89.6,16.8,8.99,0.0,0.0,0.0,0.0,0.0,0.0,60.35,0.0,0.0,0.0,0.0,0.0,0.0,0.725807,0.0
155,104,2023-04-01,27,7,0.0,0.0,12.96,0.0,21.0,0.0,0.0,0.0,0.0,29.15,0.0,0.0,0.044524,0.000175,0.0,0.330815,3.664612,0.256585
155,104,2023-06-01,27,7,0.0,0.0,12.96,0.0,21.0,0.0,0.0,0.0,0.0,29.15,0.0,0.0,0.044524,0.000169,0.0,0.330815,3.664612,0.256585
155,104,2023-09-16,27,7,0.0,0.0,12.96,0.0,21.0,0.0,0.0,0.0,0.0,29.15,0.0,0.0,0.044524,0.000169,0.0,0.330815,3.664612,0.161685
155,104,2023-09-18,27,7,0.0,0.0,12.96,0.0,21.0,0.0,0.0,0.0,0.0,29.15,0.0,0.0,0.044753,0.000169,0.0,0.330815,3.664612,0.161685
155,104,2023-09-19,27,7,0.0,0.0,12.96,0.0,21.0,0.0,0.0,0.0,0.0,29.15,0.0,0.0,0.044753,0.000169,0.0,0.333104,3.664612,0.161685
155,104,2023-10-02,27,7,0.0,0.0,12.96,0.0,21.0,0.0,0.0,0.0,0.0,29.15,0.0,0.0,0.04577,0.001446,0.0,0.333104,3.664612,0.161685
155,104,2024-01-01,27,7,0.0,0.0,12.96,0.0,21.0,0.0,0.0,0.0,0.0,29.15,0.0,0.0,0.04577,0.001446,0.0,0.333104,3.615096,0.161685
156,28,2023-04-01,20,2,4.2,0.0,28.2,3.0,108.0,22.0,1.9,42.3,0.0,26.63,0.0,0.0,0.0,0.0,0.0,1.751673,0.0,0.523208
156,28,2023-05-05,20,2,4.2,0.0,28.2,3.0,108.0,22.0,1.9,42.3,8.83,36.47,0.0,0.0,0.0,0.0,0.0,1.751673,0.0,0.523208
156,28,2023-05-23,20,2,4.2,0.0,28.2,3.0,108.0,22.0,1.9,42.3,8.83,36.47,0.0,0.0,0.0,0.0,0.0,1.323958,0.0,0.523208
156,28,2023-08-22,20,2,4.2,0.0,28.2,3.0,108.0,22.0,1.9,42.3,8.83,37.07,0.0,0.0,0.0,0.0,0.0,1.323958,0.0,0.523208
156,28,2023-11-24,20,2,4.2,0.0,28.2,3.0,108.0,22.0,1.9,42.3,8.83,43.07,0.0,0.0,0.0,0.0,0.0,1.323958,0.0,0.523208
156,28,2024-01-01,20,2,4.2,0.0,28.2,3.0,108.0,22.0,1.9,42.3,8.83,43.07,0.0,0.0,0.0,0.0,0.0,1.323958,0.0,0.54589
156,28,2024-04-01,20,2,4.2,0.0,28.2,3.0,108.0,22.0,1.9,42.3,11.43,48.57,0.0,0.0,0.0,0.0,0.0,1.323958,0.0,0.54589
156,28,2024-11-05,20,2,4.2,0.0,28.2,3.0,108.0,22.0,1.9,42.3,18.03,48.57,0.0,0.0,0.0,0.0,0.0,1.323958,0.0,0.54589
156,28,2024-11-08,20,2,4.2,0.0,28.2,3.0,108.0,22.0,1.9,42.3,18.03,58.57,0.0,0.0,0.0,0.0,0.0,1.323958,0.0,0.54589
157,105,2023-04-01,0,4,0.0,0.0,0.0,0.0,0.0,0.0,0.0,0.0,0.0,0.0,0.0,6.374541,0.0,0.0,4.413433,0.0,0.0,0.0
157,105,2023-10-31,0,4,0.0,0.0,0.0,0.0,0.0,0.0,0.0,0.0,0.0,0.0,0.0,8.834381,0.0,0.0,4.413433,0.0,0.0,0.0
157,105,2024-01-01,0,4,0.0,0.0,0.0,0.0,0.0,0.0,0.0,0.0,0.0,0.0,0.0,8.834381,0.0,0.0,4.313769,0.0,0.0,0.0
157,105,2024-01-12,0,4,0.0,0.0,0.0,0.0,0.0,0.0,0.0,0.0,0.0,100.0,0.0,8.834381,0.0,0.0,4.313769,0.0,0.0,0.0
158,106,2023-04-01,37,0,24.1,0.0,9.89,3.0,0.0,22.0,0.0,0.0,3.0,7.371,0.0,0.0,0.0,0.0,0.0,0.0,0.0,0.0
159,54,2023-04-01,33,3,162.5,0.0,44.78,0.0,0.0,11.0,0.0,0.0,22.68,70.461,0.0,0.0,0.108063,0.0,0.0,4.164712,2.434247,0.0
159,54,2023-04-08,33,3,162.5,0.0,44.78,0.0,0.0,11.0,0.0,0.0,22.68,70.461,0.0,0.0,0.108063,0.0,0.0,4.164712,1.980566,0.0
159,54,2023-04-12,33,3,162.5,0.0,44.78,0.0,0.0,11.0,0.0,0.0,22.68,70.461,0.0,0.0,0.106054,0.0,0.0,4.164712,1.980566,0.0
159,54,2023-05-01,33,3,162.5,0.0,44.78,0.0,0.0,11.0,0.0,0.0,22.68,70.461,0.0,0.0,0.106054,0.0,0.0,4.082878,1.980566,0.0
159,54,2023-09-26,33,3,162.5,0.0,44.78,0.0,0.0,11.0,0.0,0.0,34.88,85.461,0.0,0.0,0.106054,0.0,0.0,4.082878,1.980566,0.0
159,54,2024-01-01,33,3,162.5,0.0,44.78,0.0,0.0,11.0,0.0,0.0,34.88,85.461,0.0,0.0,0.106054,0.0,0.0,4.082878,2.43114,0.0
159,54,2025-01-30,33,3,162.5,0.0,44.78,0.0,0.0,11.0,0.0,0.0,39.88,95.461,0.0,0.0,0.106054,0.0,0.0,4.082878,2.43114,0.0
160,85,2023-04-01,47,10,78.0,0.0,0.0,15.0,0.0,0.0,0.0,0.0,4.6,6.48,0.0,0.469648,1.179464,2.078047,0.0,0.094531,0.023558,0.0
160,85,2023-09-13,47,10,78.0,0.0,0.0,15.0,0.0,0.0,0.0,0.0,8.6,13.68,0.0,0.469648,1.179464,2.078047,0.0,0.094531,0.023558,0.0
160,85,2023-11-21,48,10,78.0,0.0,0.0,15.0,0.0,0.0,0.0,0.0,8.6,13.68,0.0,0.469648,1.179464,2.078047,0.0,0.094531,0.023558,0.0
160,85,2023-12-31,48,10,78.0,0.0,0.0,15.0,0.0,0.0,0.0,0.0,8.6,13.68,0.0,0.469648,1.178367,2.00771,0.0,0.094531,0.001712,0.0
160,85,2024-01-01,48,10,78.0,0.0,0.0,15.0,0.0,0.0,0.0,0.0,8.6,13.68,0.0,0.469648,1.209182,2.00771,0.0,0.092317,0.001712,0.0
160,85,2024-01-05,48,10,78.0,0.0,0.0,15.0,0.0,0.0,0.0,0.0,8.6,13.68,0.0,0.469648,1.19384,2.00771,0.0,0.092317,0.001712,0.0
160,85,2024-01-22,48,10,78.0,0.0,0.0,15.0,0.0,0.0,0.0,0.0,8.6,13.68,0.0,0.378917,1.197895,2.00771,0.0,0.092317,0.001712,0.0
160,85,2024-11-26,48,10,78.0,0.0,0.0,15.0,0.0,0.0,0.0,0.0,8.6,13.68,0.0,0.378917,1.197895,2.00771,0.0,0.092317,0.001973,0.0
161,47,2023-04-01,31,1,8.0,2.7,0.0,8.0,0.0,11.0,0.0,0.0,10.9,19.106,0.0,0.0,0.0,0.0,0.0,6.388463,0.0,0.0
161,47,2023-04-13,31,1,8.0,2.7,0.0,8.0,0.0,33.0,0.0,0.0,10.9,19.106,0.0,0.0,0.0,0.0,0.0,6.388463,0.0,0.0
161,47,2023-06-01,31,1,8.0,2.7,0.0,8.0,0.0,33.0,0.0,0.0,10.9,28.856,0.0,0.0,0.0,0.0,0.0,6.388463,0.0,0.0
161,47,2023-07-15,31,1,8.0,2.7,0.0,8.0,0.0,33.0,0.0,0.0,10.9,28.856,0.0,0.0,0.0,0.0,0.0,8.551961,0.0,0.0
161,47,2023-11-26,31,1,8.0,2.7,0.0,8.0,0.0,33.0,0.0,0.0,18.4,38.856,0.0,0.0,0.0,0.0,0.0,8.551961,0.0,0.0
161,47,2024-01-01,31,1,8.0,2.7,0.0,8.0,0.0,33.0,0.0,0.0,18.4,38.856,0.0,0.0,0.0,0.0,0.0,6.655251,0.0,0.0
161,47,2024-03-08,31,1,8.0,2.7,0.0,8.0,0.0,33.0,0.0,0.0,21.8,45.856,0.0,0.0,0.0,0.0,0.0,6.655251,0.0,0.0
161,47,2024-11-18,31,1,16.8,6.4,0.0,8.0,0.0,33.0,0.0,0.0,21.8,45.856,0.0,0.0,0.0,0.0,0.0,6.655251,0.0,0.0
161,47,2024-11-28,31,1,16.8,6.4,0.0,8.0,27.0,33.0,0.0,0.0,21.8,45.856,0.0,0.0,0.0,0.0,0.0,6.655251,0.0,0.0
162,107,2023-04-01,9,13,34.0,0.0,0.0,1.0,21.0,0.0,0.0,0.0,0.0,10.032,6.5,3.327886,1.811856,0.0,1.778689,3.703901,0.0,0.0
162,107,2023-04-12,9,13,34.0,0.0,0.0,1.0,21.0,0.0,0.0,0.0,0.0,10.032,6.5,3.327886,1.811856,0.0,1.778689,3.678213,0.0,0.0
162,107,2023-04-15,9,13,34.0,0.0,0.0,1.0,21.0,0.0,0.0,0.0,0.0,10.032,6.5,3.408832,1.811856,0.0,1.778689,3.678213,0.0,0.0
162,107,2023-04-18,9,13,34.0,0.0,0.0,1.0,21.0,0.0,0.0,0.0,0.0,10.032,6.5,3.408832,1.811856,0.0,1.778689,3.896918,0.0,0.0
162,107,2023-04-28,9,13,34.0,0.0,0.0,1.0,21.0,0.0,0.0,0.0,0.0,10.032,6.5,3.408832,5.854126,0.0,1.778689,3.896918,0.0,0.0
162,107,2023-05-01,9,13,34.0,0.0,0.0,1.0,21.0,0.0,0.0,0.0,0.0,10.032,6.5,3.379321,5.854126,0.0,1.778689,3.896918,0.0,0.0
162,107,2023-06-01,9,13,34.0,0.0,0.0,1.0,21.0,0.0,0.0,0.0,0.0,10.032,6.5,3.351152,5.808175,0.0,1.60337,3.390315,0.0,0.0
162,107,2023-07-01,9,13,34.0,0.0,0.0,1.0,21.0,0.0,0.0,0.0,0.0,10.032,6.5,3.339857,5.808175,0.0,1.60337,3.390315,0.0,0.0
162,107,2023-08-01,9,13,34.0,0.0,0.0,1.0,21.0,0.0,0.0,0.0,0.0,10.032,6.5,3.28475,5.808175,0.0,1.60337,3.390315,0.0,0.0
162,107,2023-08-14,9,13,34.0,0.0,0.0,1.0,21.0,0.0,0.0,0.0,0.0,10.032,6.5,3.38756,5.808175,0.0,1.60337,3.390315,0.0,0.0
162,107,2023-09-01,9,13,34.0,0.0,0.0,1.0,21.0,0.0,0.0,0.0,0.0,10.032,6.5,3.458823,5.808175,0.0,1.60337,3.390315,0.0,0.0
162,107,2023-10-01,9,13,34.0,0.0,0.0,1.0,21.0,0.0,0.0,0.0,0.0,10.032,6.5,3.49092,5.808175,0.0,1.60337,3.390315,0.0,0.0
162,107,2023-11-01,9,13,34.0,0.0,0.0,1.0,21.0,0.0,0.0,0.0,0.0,10.032,6.5,3.468962,5.808175,0.0,1.60337,3.390315,0.0,0.0
162,107,2023-11-24,9,14,34.0,0.0,0.0,1.0,21.0,0.0,0.0,0.0,0.0,10.032,6.5,3.468962,5.808175,0.0,1.60337,3.390315,0.0,0.0
162,107,2023-12-01,9,14,34.0,0.0,0.0,1.0,21.0,0.0,0.0,0.0,0.0,10.032,6.5,3.455033,5.808175,0.0,1.60337,3.390315,0.0,0.0
162,107,2024-01-01,9,14,34.0,0.0,0.0,1.0,21.0,0.0,0.0,0.0,0.0,10.032,6.5,3.401001,5.808175,0.0,1.60337,3.390315,0.0,0.0
162,107,2024-02-01,9,14,34.0,0.0,0.0,1.0,21.0,0.0,0.0,0.0,0.0,10.032,6.5,3.418335,5.808175,0.0,1.60337,3.390315,0.0,0.0
162,107,2024-03-01,9,14,34.0,0.0,0.0,1.0,21.0,0.0,0.0,0.0,0.0,10.032,6.5,3.459872,5.808175,0.0,1.60337,3.390315,0.0,0.0
162,107,2024-04-01,9,14,34.0,0.0,0.0,1.0,21.0,0.0,0.0,0.0,0.0,10.032,6.5,2.097712,5.808175,0.0,1.60337,3.390315,0.0,0.0
162,107,2024-04-13,9,14,34.0,0.0,0.0,1.0,21.0,0.0,0.0,0.0,0.0,10.032,6.5,1.990153,5.808175,0.0,1.60337,3.390315,0.0,0.0
162,107,2024-05-01,9,14,34.0,0.0,0.0,1.0,21.0,0.0,0.0,0.0,0.0,10.032,6.5,3.491022,5.808175,0.0,1.60337,3.390315,0.0,0.0
162,107,2024-06-01,9,14,34.0,0.0,0.0,1.0,21.0,0.0,0.0,0.0,0.0,10.032,6.5,3.998625,5.808175,0.0,1.60337,3.364466,0.0,0.0
162,107,2024-07-01,9,14,34.0,0.0,0.0,1.0,21.0,0.0,0.0,0.0,0.0,10.032,6.5,4.186587,5.808175,0.0,1.60337,3.364466,0.0,0.0
162,107,2024-08-01,9,14,34.0,0.0,0.0,1.0,21.0,0.0,0.0,0.0,0.0,10.032,6.5,4.173953,5.808175,0.0,1.60337,3.364466,0.0,0.0
162,107,2024-09-01,9,14,34.0,0.0,0.0,1.0,21.0,0.0,0.0,0.0,0.0,10.032,6.5,4.271125,5.808175,0.0,1.60337,3.364466,0.0,0.0
162,107,2024-10-01,9,14,34.0,0.0,0.0,1.0,21.0,0.0,0.0,0.0,0.0,10.032,6.5,4.30285,5.808175,0.0,1.60337,3.364466,0.0,0.0
162,107,2024-11-01,9,14,34.0,0.0,0.0,1.0,21.0,0.0,0.0,0.0,0.0,10.032,6.5,4.279181,5.808175,0.0,1.60337,3.364466,0.0,0.0
162,107,2024-12-01,9,14,34.0,0.0,0.0,1.0,21.0,0.0,0.0,0.0,0.0,10.032,6.5,4.229194,5.808175,0.0,1.60337,3.364466,0.0,0.0
162,107,2025-01-01,9,14,34.0,0.0,0.0,1.0,21.0,0.0,0.0,0.0,0.0,10.032,6.5,4.238872,5.808175,0.0,1.60337,3.364466,0.0,0.0
162,107,2025-01-29,11,14,34.0,0.0,0.0,1.0,21.0,0.0,0.0,0.0,0.0,10.032,6.5,4.238872,5.808175,0.0,1.60337,3.364466,0.0,0.0
162,107,2025-02-01,11,14,34.0,0.0,0.0,1.0,21.0,0.0,0.0,0.0,0.0,10.032,6.5,4.294627,5.808175,0.0,1.60337,3.364466,0.0,0.0
162,107,2025-03-01,11,14,34.0,0.0,0.0,1.0,21.0,0.0,0.0,0.0,0.0,10.032,6.5,4.338469,5.808175,0.0,1.60337,3.364466,0.0,0.0
163,102,2023-04-01,32,0,0.0,2.95,0.0,6.0,0.0,22.0,0.0,0.0,5.55,13.195,0.0,0.0,0.0,0.0,0.0,0.0,0.0,0.0
163,102,2023-06-02,32,0,0.0,2.95,0.0,6.0,0.0,22.0,0.0,0.0,14.56,23.195,0.0,0.0,0.0,0.0,0.0,0.0,0.0,0.0
163,102,2023-06-22,32,0,0.0,2.95,0.0,6.0,0.0,33.0,0.0,0.0,14.56,23.195,0.0,0.0,0.0,0.0,0.0,0.0,0.0,0.0
163,102,2023-06-27,32,0,0.0,2.95,0.0,6.0,0.0,33.0,0.0,0.0,21.56,31.195,0.0,0.0,0.0,0.0,0.0,0.0,0.0,0.0
163,102,2023-08-09,32,0,0.0,2.95,0.0,6.0,0.0,33.0,0.0,0.0,21.56,31.795,0.0,0.0,0.0,0.0,0.0,0.0,0.0,0.0
163,102,2024-06-26,32,0,0.0,2.95,0.0,6.0,0.0,33.0,0.0,0.0,21.56,32.595,0.0,0.0,0.0,0.0,0.0,0.0,0.0,0.0
163,102,2024-10-16,32,0,0.0,2.95,0.0,6.0,0.0,33.0,0.0,0.0,28.32,40.595,0.0,0.0,0.0,0.0,0.0,0.0,0.0,0.0
164,99,2023-04-01,7,4,0.0,7.0,0.0,6.0,0.0,0.0,0.0,0.0,0.0,0.0,0.0,0.0,2.528078,0.0,0.0,0.0,0.0,0.0
164,99,2023-04-28,7,4,0.0,7.0,0.0,6.0,0.0,0.0,0.0,0.0,0.0,0.0,0.0,0.0,2.250256,0.0,0.0,0.0,0.0,0.0
164,99,2023-05-05,7,4,0.0,7.0,0.0,6.0,0.0,0.0,0.0,0.0,0.0,0.0,0.0,0.0,2.185359,0.0,0.0,0.0,0.0,0.0
164,99,2023-10-18,7,4,0.0,7.0,0.0,6.0,0.0,0.0,0.0,0.0,0.0,0.0,0.0,0.0,2.107881,0.0,0.0,0.0,0.0,0.0
164,99,2024-01-01,7,4,0.0,7.0,0.0,6.0,0.0,0.0,0.0,0.0,0.0,0.0,0.0,0.0,4.826794,0.0,0.0,0.0,0.0,0.0
164,99,2024-04-25,7,4,0.0,7.0,0.0,6.0,0.0,0.0,0.0,0.0,4.6,8.0,0.0,0.0,4.826794,0.0,0.0,0.0,0.0,0.0
164,99,2024-05-17,7,4,0.0,7.0,0.0,6.0,0.0,0.0,0.0,0.0,4.6,8.0,0.0,0.0,4.907284,0.0,0.0,0.0,0.0,0.0
164,99,2024-05-19,7,4,0.0,7.0,0.0,6.0,0.0,0.0,0.0,0.0,4.6,8.0,0.0,0.0,5.1019,0.0,0.0,0.0,0.0,0.0
164,99,2024-12-01,7,4,0.0,7.0,0.0,6.0,0.0,0.0,0.0,0.0,4.6,8.0,0.0,0.0,4.352691,0.0,0.0,0.0,0.0,0.0
165,52,2023-04-01,24,12,0.0,0.0,0.0,0.0,0.0,11.0,0.0,0.0,0.0,0.0,0.0,0.0,1.669746,0.0,0.0,8.140365,0.0,0.0
165,52,2023-05-17,24,12,0.0,0.0,0.0,0.0,0.0,11.0,0.0,0.0,0.0,0.0,0.0,0.0,1.669746,0.0,0.0,8.440534,0.0,0.0
165,52,2023-05-18,24,12,0.0,0.0,0.0,0.0,0.0,11.0,0.0,0.0,0.0,0.0,0.0,0.0,1.609172,0.0,0.0,8.440534,0.0,0.0
165,52,2023-05-20,24,12,0.0,0.0,0.0,0.0,0.0,11.0,0.0,0.0,0.0,0.0,0.0,0.0,1.609172,0.0,0.0,8.623708,0.0,0.0
165,52,2023-06-01,24,12,0.0,0.0,0.0,0.0,0.0,11.0,0.0,0.0,0.0,0.0,0.0,0.0,1.609172,0.0,0.0,8.621555,0.0,0.0
165,52,2023-06-04,24,12,0.0,0.0,0.0,0.0,0.0,11.0,0.0,0.0,0.0,0.0,0.0,0.0,1.655571,0.0,0.0,8.621555,0.0,0.0
165,52,2023-06-09,24,12,0.0,0.0,0.0,0.0,0.0,11.0,0.0,0.0,0.0,0.0,0.0,0.0,1.655571,0.0,0.0,8.008677,0.0,0.0
165,52,2023-09-16,24,12,0.0,0.0,0.0,0.0,0.0,11.0,0.0,0.0,0.0,0.0,0.0,0.0,1.637203,0.0,0.0,8.008677,0.0,0.0
165,52,2023-11-01,24,12,0.0,0.0,0.0,0.0,0.0,11.0,0.0,0.0,0.0,0.0,0.0,0.0,1.637203,0.0,0.0,7.910215,0.0,0.0
165,52,2024-01-01,24,12,0.0,0.0,0.0,0.0,0.0,11.0,0.0,0.0,0.0,0.0,0.0,0.0,1.224975,0.0,0.0,7.910215,0.0,0.0
165,52,2024-06-05,24,12,0.0,0.0,0.0,0.0,0.0,11.0,0.0,0.0,0.0,0.0,0.0,0.0,1.795755,0.0,0.0,7.910215,0.0,0.0
165,52,2024-06-07,24,12,0.0,0.0,0.0,0.0,0.0,11.0,0.0,0.0,0.0,0.0,0.0,0.0,1.795755,0.0,0.0,7.395098,0.0,0.0
165,52,2024-06-08,24,12,0.0,0.0,0.0,0.0,0.0,11.0,0.0,0.0,0.0,0.0,0.0,0.0,1.795755,0.0,0.0,7.813153,0.0,0.0
166,108,2023-04-01,37,2,34.0,22.8,28.19,2.0,48.0,22.0,0.2,4.9,0.0,22.0,0.0,0.0,0.0,0.0,0.0,0.0,0.0,0.589155
166,108,2023-06-28,37,2,34.0,22.8,28.19,2.0,48.0,33.0,0.2,4.9,0.0,22.0,0.0,0.0,0.0,0.0,0.0,0.0,0.0,0.589155
166,108,2023-07-19,37,2,34.0,22.8,28.19,2.0,48.0,33.0,0.2,4.9,5.0,30.0,0.0,0.0,0.0,0.0,0.0,0.0,0.0,0.589155
166,108,2024-01-01,37,2,34.0,22.8,28.19,2.0,48.0,33.0,0.2,4.9,5.0,30.0,0.0,0.0,0.0,0.0,0.0,0.0,0.0,0.752732
166,108,2024-04-03,37,2,34.0,22.8,28.19,2.0,48.0,33.0,0.2,4.9,10.6,45.0,0.0,0.0,0.0,0.0,0.0,0.0,0.0,0.752732
166,108,2024-05-29,37,2,34.0,22.8,28.19,2.0,48.0,33.0,0.2,4.9,15.6,50.0,0.0,0.0,0.0,0.0,0.0,0.0,0.0,0.752732
166,108,2025-01-31,37,2,34.0,22.8,28.19,2.0,48.0,33.0,0.2,4.9,15.6,77.0,0.0,0.0,0.0,0.0,0.0,0.0,0.0,0.752732
167,10,2023-04-01,59,0,0.0,0.0,0.0,0.0,0.0,66.0,0.0,0.0,5.0,10.0,0.0,0.0,0.0,0.0,0.0,0.0,0.0,0.0
167,10,2024-02-26,59,0,0.0,0.0,0.0,0.0,0.0,77.0,0.0,0.0,5.0,10.0,0.0,0.0,0.0,0.0,0.0,0.0,0.0,0.0
167,10,2024-06-17,59,0,9.0,7.2,0.0,9.0,0.0,77.0,0.0,0.0,5.0,10.0,0.0,0.0,0.0,0.0,0.0,0.0,0.0,0.0
167,10,2024-08-13,59,0,9.0,13.2,0.0,9.0,0.0,77.0,0.0,0.0,5.0,10.0,0.0,0.0,0.0,0.0,0.0,0.0,0.0,0.0
168,109,2023-04-01,31,0,8.8,37.39,74.7,20.32,0.0,143.0,0.0,0.0,25.28,80.248,5.5,0.0,0.0,0.0,0.0,0.0,0.0,0.0
168,109,2023-04-20,31,0,8.8,37.39,74.7,20.32,0.0,143.0,0.0,0.0,32.96,89.488,5.5,0.0,0.0,0.0,0.0,0.0,0.0,0.0
168,109,2023-05-10,31,0,8.8,37.39,74.7,20.32,0.0,143.0,0.0,0.0,39.26,101.288,5.5,0.0,0.0,0.0,0.0,0.0,0.0,0.0
168,109,2023-06-06,31,0,8.8,37.39,74.7,20.32,0.0,154.0,0.0,0.0,39.26,101.288,5.5,0.0,0.0,0.0,0.0,0.0,0.0,0.0
168,109,2023-06-12,31,0,8.8,37.39,74.7,20.32,0.0,154.0,0.0,0.0,46.26,106.288,5.5,0.0,0.0,0.0,0.0,0.0,0.0,0.0
168,109,2023-06-15,31,0,8.8,37.39,74.7,20.32,0.0,154.0,0.0,0.0,46.26,116.288,5.5,0.0,0.0,0.0,0.0,0.0,0.0,0.0
168,109,2023-06-21,31,0,8.8,37.39,74.7,20.32,0.0,154.0,0.0,0.0,46.26,131.288,5.5,0.0,0.0,0.0,0.0,0.0,0.0,0.0
168,109,2023-07-10,31,0,8.8,37.39,74.7,20.32,0.0,154.0,0.0,0.0,55.06,153.088,5.5,0.0,0.0,0.0,0.0,0.0,0.0,0.0
168,109,2023-07-17,31,0,8.8,37.39,74.7,20.32,0.0,154.0,0.0,0.0,56.86,153.088,5.5,0.0,0.0,0.0,0.0,0.0,0.0,0.0
168,109,2023-10-20,31,0,8.8,37.39,74.7,20.32,0.0,154.0,0.0,0.0,65.86,161.088,5.5,0.0,0.0,0.0,0.0,0.0,0.0,0.0
168,109,2023-11-06,31,0,8.8,37.39,74.7,20.32,0.0,154.0,0.0,0.0,75.86,161.088,5.5,0.0,0.0,0.0,0.0,0.0,0.0,0.0
169,59,2023-04-01,138,3,78.0,6.0,5.99,7.0,0.0,0.0,0.0,0.0,5.0,23.002,0.0,0.0,0.0,0.0,0.128099,1.119177,0.0,0.0
169,59,2023-05-01,138,3,78.0,6.0,5.99,7.0,0.0,0.0,0.0,0.0,5.0,24.702,0.0,0.0,0.0,0.0,0.128099,1.119177,0.0,0.0
169,59,2023-06-24,138,3,78.0,6.0,5.99,7.0,0.0,0.0,0.0,0.0,5.0,24.702,0.0,0.0,0.0,0.0,0.128099,0.993399,0.0,0.0
169,59,2023-08-12,138,3,78.0,6.0,5.99,7.0,0.0,0.0,0.0,0.0,5.0,24.702,0.0,0.0,0.0,0.0,0.128099,0.997254,0.0,0.0
169,59,2023-08-14,138,3,78.0,6.0,5.99,7.0,0.0,0.0,0.0,0.0,5.0,24.702,0.0,0.0,0.0,0.0,0.127022,0.997254,0.0,0.0
169,59,2023-10-01,138,3,78.0,6.0,5.99,7.0,0.0,0.0,0.0,0.0,5.0,24.702,0.0,0.0,0.0,0.0,0.127022,1.049444,0.0,0.0
169,59,2024-07-01,138,3,78.0,6.0,5.99,7.0,0.0,0.0,0.0,0.0,5.0,24.702,0.0,0.0,0.0,0.0,0.127022,1.116589,0.0,0.0
169,59,2024-09-01,138,3,78.0,6.0,5.99,7.0,0.0,0.0,0.0,0.0,5.0,24.702,0.0,0.0,0.0,0.0,0.127022,1.087075,0.0,0.0
170,52,2023-04-01,21,9,39.7,0.0,4.0,0.0,66.0,0.0,0.0,0.0,0.0,0.0,0.0,1.183876,1.249468,1.22378,0.0,0.0,0.084954,0.0
170,52,2023-08-10,21,9,39.7,0.0,4.0,0.0,66.0,0.0,0.0,0.0,0.0,0.0,0.0,1.183876,1.271136,1.22378,0.0,0.0,0.084954,0.0
170,52,2023-10-11,21,9,39.7,0.0,4.0,0.0,66.0,0.0,0.0,0.0,0.0,0.0,0.0,1.183876,1.272603,1.22378,0.0,0.0,0.084954,0.0
170,52,2023-10-25,21,9,39.7,0.0,4.0,0.0,66.0,0.0,0.0,0.0,0.0,0.0,0.0,1.158109,1.272603,1.22378,0.0,0.0,0.084954,0.0
170,52,2023-11-05,21,9,39.7,0.0,4.0,0.0,66.0,0.0,0.0,0.0,0.0,0.0,0.0,1.158109,1.272603,0.928143,0.0,0.0,0.084954,0.0
170,52,2023-11-07,21,9,39.7,0.0,4.0,0.0,66.0,0.0,0.0,0.0,0.0,0.0,0.0,1.158109,1.280421,0.928143,0.0,0.0,0.084954,0.0
170,52,2023-12-01,21,9,39.7,0.0,4.0,0.0,66.0,0.0,0.0,0.0,0.0,0.0,0.0,1.158109,1.396438,0.928143,0.0,0.0,0.084954,0.0
170,52,2024-01-01,21,9,39.7,0.0,4.0,0.0,66.0,0.0,0.0,0.0,0.0,0.0,0.0,1.158162,1.396438,0.096019,0.0,0.0,0.094456,0.0
170,52,2024-02-15,21,9,39.7,0.0,4.0,0.0,66.0,0.0,0.0,0.0,0.0,0.0,0.0,1.158162,1.396438,2.676884,0.0,0.0,0.094456,0.0
170,52,2024-02-29,21,9,39.7,0.0,4.0,0.0,66.0,0.0,0.0,0.0,0.0,0.0,0.0,1.158162,0.875392,2.676884,0.0,0.0,0.094456,0.0
170,52,2024-08-22,21,9,39.7,0.0,4.0,0.0,66.0,0.0,0.0,0.0,0.0,0.0,0.0,1.158162,0.87546,2.676884,0.0,0.0,0.094456,0.0
170,52,2024-09-01,21,9,39.7,0.0,4.0,0.0,66.0,0.0,0.0,0.0,0.0,0.0,0.0,1.158162,0.87546,3.735759,0.0,0.0,0.094456,0.0
170,52,2024-10-16,21,9,39.7,0.0,4.0,0.0,66.0,0.0,0.0,0.0,0.0,0.0,0.0,1.158162,0.874702,3.735759,0.0,0.0,0.094456,0.0
170,52,2024-10-19,21,9,39.7,0.0,4.0,0.0,66.0,0.0,0.0,0.0,0.0,0.0,0.0,1.158162,1.022646,3.735759,0.0,0.0,0.094456,0.0
170,52,2024-11-07,21,9,39.7,0.0,4.0,0.0,66.0,0.0,0.0,0.0,0.0,0.0,0.0,1.158162,1.158152,3.735759,0.0,0.0,0.094456,0.0
170,52,2025-02-01,21,9,39.7,0.0,4.0,0.0,66.0,0.0,0.0,0.0,0.0,0.0,0.0,1.158162,0.702871,3.735759,0.0,0.0,0.094456,0.0
171,108,2023-04-01,33,2,110.9,0.0,3.6,2.0,69.0,0.0,0.5,4.3,0.0,0.0,0.0,0.0,0.0,0.0,0.0,3.093799,0.0,0.0
171,108,2023-11-10,33,2,110.9,0.0,3.6,2.0,69.0,0.0,0.5,4.3,0.0,0.0,0.0,0.0,0.0,0.0,0.0,3.093792,0.0,0.0
171,108,2024-01-01,33,2,110.9,0.0,3.6,2.0,69.0,0.0,0.5,4.3,0.0,0.0,0.0,0.0,0.0,0.0,0.0,2.915369,0.0,0.0
172,110,2023-04-01,35,0,60.08,0.0,27.49,0.0,168.0,0.0,0.0,0.0,3.0,9.64,0.0,0.0,0.0,0.0,0.0,0.0,0.0,0.0
172,110,2024-07-19,35,0,60.08,0.0,27.49,0.0,168.0,0.0,0.0,0.0,3.0,17.64,0.0,0.0,0.0,0.0,0.0,0.0,0.0,0.0
172,110,2024-07-23,35,0,60.08,0.0,27.49,0.0,168.0,11.0,0.0,0.0,3.0,17.64,0.0,0.0,0.0,0.0,0.0,0.0,0.0,0.0
172,110,2025-03-01,35,0,60.08,0.0,27.49,0.0,168.0,11.0,0.0,0.0,3.0,18.44,0.0,0.0,0.0,0.0,0.0,0.0,0.0,0.0
173,8,2023-04-01,43,0,24.0,11.31,0.0,0.0,0.0,11.0,0.0,0.0,2.5,6.93,0.0,0.0,0.0,0.0,0.0,0.0,0.0,0.0
173,8,2023-05-03,43,0,24.0,11.31,0.0,0.0,0.0,11.0,0.0,0.0,2.5,7.75,0.0,0.0,0.0,0.0,0.0,0.0,0.0,0.0
173,8,2023-12-14,43,0,24.0,11.31,0.0,0.0,0.0,11.0,0.0,0.0,12.5,17.75,0.0,0.0,0.0,0.0,0.0,0.0,0.0,0.0
174,23,2023-04-01,59,4,62.0,15.4,21.0,4.0,51.0,0.0,0.0,0.0,17.26,54.059,0.0,0.429751,0.860956,0.0,0.0,0.0,0.0,0.0
174,23,2023-05-12,59,4,62.0,15.4,21.0,4.0,51.0,0.0,0.0,0.0,19.76,58.409,0.0,0.429751,0.860956,0.0,0.0,0.0,0.0,0.0
174,23,2023-06-01,59,4,62.0,15.4,21.0,4.0,51.0,0.0,0.0,0.0,19.76,59.009,0.0,0.429751,0.860956,0.0,0.0,0.0,0.0,0.0
174,23,2023-07-05,59,4,62.0,15.4,21.0,4.0,51.0,0.0,0.0,0.0,19.76,59.009,0.0,0.429751,0.858463,0.0,0.0,0.0,0.0,0.0
174,23,2023-12-14,59,4,62.0,15.4,21.0,4.0,51.0,0.0,0.0,0.0,24.26,59.009,0.0,0.429751,0.858463,0.0,0.0,0.0,0.0,0.0
174,23,2024-01-01,59,4,62.0,15.4,21.0,4.0,51.0,0.0,0.0,0.0,24.26,59.009,0.0,0.438069,0.834716,0.0,0.0,0.0,0.0,0.0
174,23,2024-01-05,59,4,62.0,15.4,21.0,4.0,51.0,0.0,0.0,0.0,28.74,68.669,0.0,0.438069,0.834716,0.0,0.0,0.0,0.0,0.0
174,23,2024-01-31,59,4,62.0,15.4,21.0,4.0,51.0,0.0,0.0,0.0,28.74,68.669,0.0,0.438069,0.836307,0.0,0.0,0.0,0.0,0.0
174,23,2024-04-04,59,4,62.0,15.4,21.0,4.0,51.0,0.0,0.0,0.0,28.74,69.469,0.0,0.438069,0.836307,0.0,0.0,0.0,0.0,0.0
174,23,2024-06-01,59,4,62.0,15.4,21.0,4.0,51.0,0.0,0.0,0.0,28.74,69.469,0.0,0.438069,0.729445,0.0,0.0,0.0,0.0,0.0
175,57,2023-04-01,40,0,137.0,0.0,0.0,11.0,0.0,20.0,0.0,0.0,0.0,3.0,0.0,0.0,0.0,0.0,0.0,0.0,0.0,0.0
175,57,2023-09-28,40,0,137.0,0.0,0.0,11.0,0.0,20.0,0.0,0.0,6.57,11.0,0.0,0.0,0.0,0.0,0.0,0.0,0.0,0.0
175,57,2024-09-27,40,0,137.0,0.0,0.0,11.0,0.0,31.0,0.0,0.0,6.57,11.0,0.0,0.0,0.0,0.0,0.0,0.0,0.0,0.0
176,111,2023-04-01,54,1,8.8,7.2,0.0,0.0,189.0,11.0,0.0,0.0,3.68,23.74,0.0,0.0,0.042352,0.0,0.0,0.0,0.0,0.0
176,111,2023-04-13,54,1,8.8,7.2,0.0,0.0,189.0,11.0,0.0,0.0,3.68,23.74,0.0,0.0,0.046474,0.0,0.0,0.0,0.0,0.0
176,111,2023-05-28,54,1,8.8,7.2,0.0,0.0,189.0,11.0,0.0,0.0,3.68,24.34,0.0,0.0,0.046474,0.0,0.0,0.0,0.0,0.0
176,111,2023-09-26,54,1,8.8,7.2,0.0,0.0,189.0,11.0,0.0,0.0,11.68,34.34,0.0,0.0,0.046474,0.0,0.0,0.0,0.0,0.0
176,111,2024-02-28,54,1,8.8,7.2,0.0,0.0,189.0,22.0,0.0,0.0,11.68,34.34,0.0,0.0,0.046474,0.0,0.0,0.0,0.0,0.0
176,111,2024-03-22,54,1,8.8,7.2,0.0,0.0,189.0,22.0,0.0,0.0,11.68,35.34,0.0,0.0,0.046474,0.0,0.0,0.0,0.0,0.0
176,111,2024-09-03,54,1,8.8,7.2,0.0,0.0,189.0,22.0,0.0,0.0,11.68,46.59,0.0,0.0,0.046474,0.0,0.0,0.0,0.0,0.0
176,111,2024-12-13,54,1,8.8,7.2,0.0,0.0,189.0,22.0,0.0,0.0,16.68,54.95,0.0,0.0,0.046474,0.0,0.0,0.0,0.0,0.0
177,12,2023-04-01,17,6,103.0,0.0,0.0,2.0,78.0,78.0,0.0,0.0,0.0,24.12,0.0,0.0,3.132346,3.227604,3.277356,0.000607,0.0,0.0
177,12,2023-05-08,17,6,103.0,0.0,0.0,2.0,78.0,78.0,0.0,0.0,0.0,24.12,0.0,0.0,3.132346,3.545687,3.277356,0.000607,0.0,0.0
177,12,2023-07-01,17,6,103.0,0.0,0.0,2.0,78.0,78.0,0.0,0.0,0.0,24.12,0.0,0.0,3.132346,3.545687,3.960235,0.000607,0.0,0.0
177,12,2023-09-27,17,6,103.0,0.0,0.0,2.0,78.0,78.0,0.0,0.0,0.0,24.12,0.0,0.0,3.132346,1.170188,3.960235,0.000607,0.0,0.0
177,12,2023-09-28,17,6,103.0,0.0,0.0,2.0,78.0,78.0,0.0,0.0,0.0,24.12,0.0,0.0,3.132346,3.658089,3.960235,0.000607,0.0,0.0
177,12,2023-11-01,17,6,103.0,0.0,0.0,2.0,78.0,78.0,0.0,0.0,0.0,24.12,0.0,0.0,3.132346,3.672423,3.960235,0.000607,0.0,0.0
177,12,2024-01-01,17,6,103.0,0.0,0.0,2.0,78.0,78.0,0.0,0.0,0.0,24.12,0.0,0.0,2.475354,3.672423,3.960235,0.000607,0.0,0.0
177,12,2024-02-23,17,6,103.0,0.0,0.0,2.0,78.0,78.0,0.0,0.0,0.0,24.12,0.0,0.0,2.475354,3.672423,3.960235,0.000612,0.0,0.0
177,12,2024-03-10,17,6,103.0,0.0,0.0,2.0,78.0,78.0,0.0,0.0,0.0,24.12,0.0,0.0,2.475354,3.672423,3.960037,0.000612,0.0,0.0
177,12,2024-04-01,17,6,103.0,0.0,0.0,2.0,78.0,78.0,0.0,0.0,0.0,24.12,0.0,0.0,2.433708,3.668788,3.960037,0.000612,0.0,0.0
178,26,2023-04-01,15,10,0.0,0.0,0.0,9.0,0.0,0.0,0.0,0.0,0.0,20.93,0.0,0.190736,0.521928,0.187851,0.67073,0.787581,0.0,0.0
178,26,2023-04-17,15,10,0.0,0.0,0.0,9.0,0.0,0.0,0.0,0.0,0.0,20.93,0.0,0.190736,0.521928,0.187851,0.584778,0.787581,0.0,0.0
178,26,2023-05-01,15,10,0.0,0.0,0.0,9.0,0.0,0.0,0.0,0.0,0.0,20.93,0.0,0.190736,0.521928,0.170362,0.584778,0.787581,0.0,0.0
178,26,2023-07-25,15,10,0.0,0.0,0.0,9.0,0.0,0.0,0.0,0.0,0.0,20.93,0.0,0.190736,0.521928,0.170362,0.584778,0.866306,0.0,0.0
178,26,2023-08-02,15,10,0.0,0.0,0.0,9.0,0.0,0.0,0.0,0.0,0.0,20.93,0.0,0.328926,0.521928,0.170362,0.584778,0.866306,0.0,0.0
178,26,2023-08-05,15,10,0.0,0.0,0.0,9.0,0.0,0.0,0.0,0.0,0.0,20.93,0.0,0.328926,0.471494,0.170362,0.584778,0.866306,0.0,0.0
178,26,2023-08-19,15,10,0.0,0.0,0.0,9.0,0.0,0.0,0.0,0.0,0.0,20.93,0.0,0.328931,0.412976,0.406113,0.651901,0.866306,0.0,0.0
178,26,2024-01-11,17,10,0.0,0.0,0.0,9.0,0.0,0.0,0.0,0.0,0.0,20.93,0.0,0.328931,0.412976,0.406113,0.651901,0.866306,0.0,0.0
178,26,2024-01-22,17,10,18.0,6.4,0.0,9.0,0.0,0.0,0.0,0.0,0.0,20.93,0.0,0.328931,0.412976,0.406113,0.651901,0.866306,0.0,0.0
178,26,2024-08-09,17,10,18.0,6.4,0.0,9.0,0.0,0.0,0.0,0.0,0.0,20.93,0.0,0.328931,0.412976,0.406113,0.651901,0.943348,0.0,0.0
178,26,2024-08-19,17,10,18.0,6.4,0.0,9.0,0.0,0.0,0.0,0.0,0.0,20.93,0.0,0.328931,0.411851,0.406113,0.651901,0.943348,0.0,0.0
178,26,2024-12-01,17,10,18.0,6.4,0.0,9.0,0.0,0.0,0.0,0.0,0.0,20.93,0.0,0.328931,0.411851,0.406113,0.651901,3.305108,0.0,0.0
179,112,2023-04-01,40,0,0.0,0.0,0.0,0.0,0.0,0.0,0.0,0.0,0.0,0.0,0.0,0.0,0.0,0.0,0.0,0.0,0.0,0.0
180,113,2023-04-01,97,1,181.5,4.74,0.0,52.0,72.0,11.0,0.0,0.0,10.0,23.374,0.0,0.0,0.0,0.0,0.423516,0.0,0.0,0.0
180,113,2023-06-19,97,1,181.5,4.74,0.0,52.0,72.0,11.0,0.0,0.0,10.0,25.374,0.0,0.0,0.0,0.0,0.423516,0.0,0.0,0.0
180,113,2023-10-27,97,1,181.5,4.74,0.0,52.0,72.0,11.0,0.0,0.0,20.0,35.374,0.0,0.0,0.0,0.0,0.423516,0.0,0.0,0.0
180,113,2023-10-30,97,1,181.5,4.74,0.0,52.0,72.0,11.0,0.0,0.0,30.0,55.374,0.0,0.0,0.0,0.0,0.423516,0.0,0.0,0.0
180,113,2024-01-01,97,1,181.5,4.74,0.0,52.0,72.0,11.0,0.0,0.0,30.0,55.374,0.0,0.0,0.0,0.0,0.165187,0.0,0.0,0.0
180,113,2024-05-14,97,1,181.5,4.74,0.0,52.0,72.0,11.0,0.0,0.0,30.0,61.374,0.0,0.0,0.0,0.0,0.165187,0.0,0.0,0.0
180,113,2024-05-23,97,1,181.5,4.74,0.0,52.0,72.0,11.0,0.0,0.0,36.0,61.374,0.0,0.0,0.0,0.0,0.165187,0.0,0.0,0.0
180,113,2024-08-05,97,1,181.5,4.74,0.0,52.0,72.0,11.0,0.0,0.0,38.56,66.174,0.0,0.0,0.0,0.0,0.165187,0.0,0.0,0.0
180,113,2024-08-17,97,1,181.5,4.74,0.0,52.0,72.0,11.0,0.0,0.0,38.56,74.004,0.0,0.0,0.0,0.0,0.165187,0.0,0.0,0.0
181,114,2023-04-01,97,1,24.0,0.0,0.0,1.0,39.0,0.0,0.0,0.0,6.0,10.3,0.0,0.0,4.254435,0.0,0.0,0.0,0.0,0.0
181,114,2023-04-18,97,1,24.0,2.13,0.0,1.0,39.0,0.0,0.0,0.0,6.0,10.3,0.0,0.0,4.254435,0.0,0.0,0.0,0.0,0.0
181,114,2023-09-06,97,1,24.0,2.13,0.0,1.0,39.0,0.0,0.0,0.0,6.0,10.3,0.0,0.0,4.078654,0.0,0.0,0.0,0.0,0.0
181,114,2023-10-24,97,1,24.0,2.13,0.0,1.0,39.0,0.0,0.0,0.0,6.0,15.16,0.0,0.0,4.078654,0.0,0.0,0.0,0.0,0.0
181,114,2023-11-09,97,1,24.0,2.13,0.0,1.0,39.0,0.0,0.0,0.0,8.5,20.48,0.0,0.0,4.078654,0.0,0.0,0.0,0.0,0.0
181,114,2024-04-25,97,3,24.0,2.13,0.0,1.0,39.0,0.0,0.0,0.0,8.5,20.48,0.0,0.0,4.078654,0.0,0.0,0.0,0.0,0.0
181,114,2024-05-07,98,3,24.0,2.13,0.0,1.0,39.0,0.0,0.0,0.0,8.5,20.48,0.0,0.0,4.078654,0.0,0.0,0.0,0.0,0.0
181,114,2024-05-27,98,5,24.0,2.13,0.0,1.0,39.0,0.0,0.0,0.0,8.5,20.48,0.0,0.0,4.078654,0.0,0.0,0.0,0.0,0.0
181,114,2024-05-28,98,5,24.0,2.13,0.0,1.0,39.0,0.0,0.0,0.0,8.5,20.48,0.0,0.000658,4.078654,0.0,0.0,0.0,0.0,0.0
181,114,2024-05-29,98,5,24.0,2.13,0.0,1.0,39.0,0.0,0.0,0.0,8.5,20.48,0.0,0.960314,4.078654,0.0,0.0,0.0,0.0,0.0
181,114,2024-06-14,98,5,24.0,2.13,0.0,1.0,39.0,0.0,0.0,0.0,8.5,20.48,0.0,0.960314,4.078654,0.0,0.961705,0.0,0.0,0.0
181,114,2024-07-30,98,5,24.0,2.13,0.0,1.0,39.0,0.0,0.0,0.0,13.62,24.88,0.0,0.960314,4.078654,0.0,0.961705,0.0,0.0,0.0
181,114,2024-12-04,98,6,24.0,2.13,0.0,1.0,39.0,0.0,0.0,0.0,13.62,24.88,0.0,0.960314,4.078654,0.0,0.961705,0.0,0.0,0.0
181,114,2024-12-11,99,6,24.0,2.13,0.0,1.0,39.0,0.0,0.0,0.0,13.62,24.88,0.0,0.960314,4.078654,0.0,0.961705,0.0,0.0,0.0
181,114,2025-01-30,99,6,24.0,2.13,0.0,1.0,39.0,0.0,0.0,0.0,13.62,24.88,0.0,0.960314,4.078654,0.0,0.970038,0.0,0.0,0.0
182,99,2023-04-01,12,12,0.0,0.0,0.0,0.0,0.0,22.0,0.0,0.0,0.0,0.0,0.0,0.358023,5.520051,0.0,0.0,4.863719,0.0,0.0
182,99,2023-04-25,12,12,0.0,0.0,0.0,0.0,0.0,22.0,0.0,0.0,0.0,0.0,0.0,0.358023,4.91857,0.0,0.0,4.863719,0.0,0.0
182,99,2023-04-26,12,12,0.0,0.0,0.0,0.0,0.0,22.0,0.0,0.0,0.0,0.0,0.0,0.355585,4.58435,0.0,0.0,4.863719,0.0,0.0
182,99,2023-04-27,12,12,0.0,0.0,0.0,0.0,0.0,22.0,0.0,0.0,0.0,0.0,0.0,0.355585,4.095779,0.0,0.0,4.863719,0.0,0.0
182,99,2023-05-19,12,12,0.0,0.0,0.0,0.0,0.0,22.0,0.0,0.0,0.0,0.0,0.0,0.2025,4.095779,0.0,0.0,4.627225,0.0,0.0
182,99,2023-09-01,12,12,0.0,0.0,0.0,0.0,0.0,22.0,0.0,0.0,0.0,0.0,0.0,0.2025,4.688923,0.0,0.0,4.627225,0.0,0.0
182,99,2023-10-09,13,12,0.0,14.0,0.0,0.0,0.0,22.0,0.0,0.0,0.0,0.0,0.0,0.2025,4.688923,0.0,0.0,4.627225,0.0,0.0
182,99,2023-12-11,13,12,0.0,14.0,0.0,0.0,0.0,22.0,0.0,0.0,0.0,0.0,0.0,0.2025,4.688923,0.0,0.0,1.885842,0.0,0.0
182,99,2023-12-12,13,12,0.0,14.0,0.0,0.0,0.0,22.0,0.0,0.0,0.0,0.0,0.0,0.2025,4.688923,0.0,0.0,5.212418,0.0,0.0
182,99,2024-02-01,13,12,0.0,14.0,0.0,0.0,0.0,22.0,0.0,0.0,0.0,0.0,0.0,0.2025,4.688923,0.0,0.0,4.538223,0.0,0.0
182,99,2024-05-01,13,12,0.0,14.0,0.0,0.0,0.0,22.0,0.0,0.0,0.0,0.0,0.0,0.2025,4.688019,0.0,0.0,4.538223,0.0,0.0
182,99,2024-06-01,13,12,0.0,14.0,0.0,0.0,0.0,22.0,0.0,0.0,0.0,0.0,0.0,0.2025,4.341778,0.0,0.0,4.538223,0.0,0.0
182,99,2024-06-13,13,12,0.0,14.0,0.0,0.0,0.0,22.0,0.0,0.0,15.36,20.0,0.0,0.2025,4.341778,0.0,0.0,4.538223,0.0,0.0
183,92,2023-04-01,0,21,0.0,0.0,0.0,10.0,0.0,33.0,0.0,0.0,0.0,7.6,0.0,8.663243,32.17021,0.0,0.0,0.0,0.0,0.0
183,92,2023-05-01,0,21,0.0,0.0,0.0,10.0,0.0,33.0,0.0,0.0,0.0,7.6,0.0,8.663243,31.861395,0.0,0.0,0.0,0.0,0.0
183,92,2023-06-01,0,21,0.0,0.0,0.0,10.0,0.0,33.0,0.0,0.0,0.0,7.6,0.0,8.663243,30.967016,0.0,0.0,0.0,0.0,0.0
183,92,2023-06-02,0,21,0.0,0.0,0.0,10.0,0.0,33.0,0.0,0.0,0.0,7.6,0.0,8.663243,30.2887,0.0,0.0,0.0,0.0,0.0
183,92,2023-06-27,0,21,0.0,0.0,0.0,10.0,0.0,33.0,0.0,0.0,0.0,7.6,0.0,8.213682,30.255058,0.0,0.0,0.0,0.0,0.0
183,92,2023-06-28,0,21,0.0,0.0,0.0,10.0,0.0,33.0,0.0,0.0,0.0,7.6,0.0,8.213682,30.287233,0.0,0.0,0.0,0.0,0.0
183,92,2023-06-29,0,21,0.0,0.0,0.0,10.0,0.0,33.0,0.0,0.0,0.0,7.6,0.0,8.213682,30.345251,0.0,0.0,0.0,0.0,0.0
183,92,2023-07-01,0,21,0.0,0.0,0.0,10.0,0.0,33.0,0.0,0.0,0.0,7.6,0.0,7.946135,31.876455,0.0,0.0,0.0,0.0,0.0
183,92,2023-07-04,0,21,0.0,0.0,0.0,10.0,0.0,33.0,0.0,0.0,0.0,7.6,0.0,7.946135,31.860695,0.0,0.0,0.0,0.0,0.0
183,92,2023-07-19,0,21,0.0,0.0,0.0,10.0,0.0,33.0,0.0,0.0,0.0,7.6,0.0,7.946135,31.79634,0.0,0.0,0.0,0.0,0.0
183,92,2023-08-01,0,21,0.0,0.0,0.0,10.0,0.0,33.0,0.0,0.0,0.0,7.6,0.0,7.982565,31.87045,0.0,0.0,0.0,0.0,0.0
183,92,2023-09-01,0,21,0.0,0.0,0.0,10.0,0.0,33.0,0.0,0.0,0.0,7.6,0.0,7.982565,31.198841,0.0,0.0,0.0,0.0,0.0
183,92,2023-09-13,0,21,0.0,0.0,0.0,10.0,0.0,33.0,0.0,0.0,0.0,7.6,0.0,7.355161,31.198841,0.0,0.0,0.0,0.0,0.0
183,92,2023-09-14,0,21,0.0,0.0,0.0,10.0,0.0,33.0,0.0,0.0,0.0,7.6,0.0,8.03772,31.198841,0.0,0.0,0.0,0.0,0.0
183,92,2023-10-01,0,21,0.0,0.0,0.0,10.0,0.0,33.0,0.0,0.0,0.0,7.6,0.0,8.03772,32.54545,0.0,0.0,0.0,0.0,0.0
183,92,2023-10-05,0,21,0.0,0.0,0.0,10.0,0.0,33.0,0.0,0.0,0.0,7.6,0.0,8.03772,32.566883,0.0,0.0,0.0,0.0,0.0
183,92,2023-11-01,0,21,0.0,0.0,0.0,10.0,0.0,33.0,0.0,0.0,0.0,7.6,0.0,8.110953,31.926943,0.0,0.0,0.0,0.0,0.0
183,92,2023-11-20,0,21,0.0,0.0,0.0,10.0,0.0,33.0,0.0,0.0,0.0,7.6,0.0,8.110953,32.701397,0.0,0.0,0.0,0.0,0.0
183,92,2023-12-01,0,21,0.0,0.0,0.0,10.0,0.0,33.0,0.0,0.0,0.0,7.6,0.0,8.110953,25.606258,0.0,0.0,0.0,0.0,0.0
183,92,2024-01-01,0,21,0.0,0.0,0.0,10.0,0.0,33.0,0.0,0.0,0.0,7.6,0.0,8.532289,26.305323,0.0,0.0,0.0,0.0,0.0
183,92,2024-02-01,0,21,0.0,0.0,0.0,10.0,0.0,33.0,0.0,0.0,0.0,7.6,0.0,8.532289,29.032953,0.0,0.0,0.0,0.0,0.0
183,92,2024-03-01,0,21,0.0,0.0,0.0,10.0,0.0,33.0,0.0,0.0,0.0,7.6,0.0,8.532289,28.21688,0.0,0.0,0.0,0.0,0.0
183,92,2024-03-06,0,21,0.0,0.0,0.0,10.0,0.0,33.0,0.0,0.0,0.0,7.6,0.0,8.532289,28.022863,0.0,0.0,0.0,0.0,0.0
183,92,2024-04-01,0,21,0.0,0.0,0.0,10.0,0.0,33.0,0.0,0.0,0.0,7.6,0.0,8.532289,28.809523,0.0,0.0,0.0,0.0,0.0
183,92,2024-04-06,0,21,0.0,0.0,0.0,10.0,0.0,33.0,0.0,0.0,0.0,7.6,0.0,8.532289,28.804266,0.0,0.0,0.0,0.0,0.0
183,92,2024-05-01,0,21,0.0,0.0,0.0,10.0,0.0,33.0,0.0,0.0,0.0,7.6,0.0,8.532289,27.83293,0.0,0.0,0.0,0.0,0.0
183,92,2024-06-01,0,21,0.0,0.0,0.0,10.0,0.0,33.0,0.0,0.0,0.0,7.6,0.0,8.532289,29.510378,0.0,0.0,0.0,0.0,0.0
183,92,2024-06-14,0,21,0.0,0.0,0.0,10.0,0.0,33.0,0.0,0.0,0.0,7.6,0.0,8.532289,31.116688,0.0,0.0,0.0,0.0,0.0
183,92,2024-06-29,0,21,0.0,0.0,0.0,10.0,0.0,33.0,0.0,0.0,0.0,7.6,0.0,8.532289,31.0399,0.0,0.0,0.0,0.0,0.0
183,92,2024-07-01,0,21,0.0,0.0,0.0,10.0,0.0,33.0,0.0,0.0,0.0,7.6,0.0,8.301651,31.23557,0.0,0.0,0.0,0.0,0.0
183,92,2024-07-03,0,21,0.0,0.0,0.0,10.0,0.0,33.0,0.0,0.0,0.0,7.6,0.0,8.301651,31.074364,0.0,0.0,0.0,0.0,0.0
183,92,2024-07-04,0,21,0.0,0.0,0.0,10.0,0.0,33.0,0.0,0.0,0.0,7.6,0.0,8.301651,31.033571,0.0,0.0,0.0,0.0,0.0
183,92,2024-08-01,0,21,0.0,0.0,0.0,10.0,0.0,33.0,0.0,0.0,0.0,7.6,0.0,8.332311,29.18706,0.0,0.0,0.0,0.0,0.0
183,92,2024-09-01,0,21,0.0,0.0,0.0,10.0,0.0,33.0,0.0,0.0,0.0,7.6,0.0,8.332311,29.297928,0.0,0.0,0.0,0.0,0.0
183,92,2024-10-01,0,21,0.0,0.0,0.0,10.0,0.0,33.0,0.0,0.0,0.0,7.6,0.0,8.332311,30.210714,0.0,0.0,0.0,0.0,0.0
183,92,2024-11-01,0,21,0.0,0.0,0.0,10.0,0.0,33.0,0.0,0.0,0.0,7.6,0.0,8.332311,30.485846,0.0,0.0,0.0,0.0,0.0
183,92,2024-11-27,0,21,0.0,0.0,0.0,10.0,0.0,33.0,0.0,0.0,0.0,7.6,0.0,8.332311,30.302086,0.0,0.0,0.0,0.0,0.0
183,92,2024-12-01,0,21,0.0,0.0,0.0,10.0,0.0,33.0,0.0,0.0,0.0,7.6,0.0,8.332311,25.876991,0.0,0.0,0.0,0.0,0.0
183,92,2025-01-01,0,21,0.0,0.0,0.0,10.0,0.0,33.0,0.0,0.0,0.0,7.6,0.0,8.332311,28.042988,0.0,0.0,0.0,0.0,0.0
183,92,2025-02-01,0,21,0.0,0.0,0.0,10.0,0.0,33.0,0.0,0.0,0.0,7.6,0.0,8.332311,30.317656,0.0,0.0,0.0,0.0,0.0
183,92,2025-03-01,0,21,0.0,0.0,0.0,10.0,0.0,33.0,0.0,0.0,0.0,7.6,0.0,8.332311,29.413013,0.0,0.0,0.0,0.0,0.0
184,45,2023-04-01,62,0,6.0,26.37,15.0,0.0,0.0,11.0,0.0,0.0,2.66,64.687,0.0,0.0,0.0,0.0,0.0,0.0,0.0,0.0
184,45,2023-04-06,62,0,6.0,26.37,15.0,0.0,0.0,11.0,0.0,0.0,10.46,73.807,0.0,0.0,0.0,0.0,0.0,0.0,0.0,0.0
184,45,2024-04-26,66,0,6.0,26.37,15.0,0.0,0.0,11.0,0.0,0.0,10.46,73.807,0.0,0.0,0.0,0.0,0.0,0.0,0.0,0.0
184,45,2024-05-07,66,0,6.0,40.77,15.0,0.0,0.0,11.0,0.0,0.0,10.46,73.807,0.0,0.0,0.0,0.0,0.0,0.0,0.0,0.0
184,45,2025-02-03,66,0,6.0,40.77,15.0,0.0,0.0,11.0,0.0,0.0,15.46,83.807,0.0,0.0,0.0,0.0,0.0,0.0,0.0,0.0
184,45,2025-02-11,66,0,6.0,47.77,15.0,9.0,0.0,11.0,0.0,0.0,15.46,83.807,0.0,0.0,0.0,0.0,0.0,0.0,0.0,0.0
184,45,2025-03-25,66,0,6.0,47.77,15.0,9.0,0.0,11.0,0.0,0.0,23.26,83.807,0.0,0.0,0.0,0.0,0.0,0.0,0.0,0.0
185,115,2023-04-01,21,0,0.0,6.35,0.0,0.0,0.0,11.0,0.4,17.4,0.0,23.0,0.0,0.0,0.0,0.0,0.0,0.0,0.0,0.0
185,115,2023-06-02,21,0,0.0,6.35,0.0,0.0,0.0,11.0,0.4,17.4,0.0,33.0,0.0,0.0,0.0,0.0,0.0,0.0,0.0,0.0
185,115,2023-07-06,21,0,0.0,6.35,0.0,0.0,0.0,11.0,0.4,17.4,5.76,33.0,0.0,0.0,0.0,0.0,0.0,0.0,0.0,0.0
185,115,2023-08-01,21,0,0.0,6.35,0.0,0.0,0.0,11.0,0.4,17.4,5.76,43.0,0.0,0.0,0.0,0.0,0.0,0.0,0.0,0.0
185,115,2023-09-07,21,0,0.0,6.35,0.0,0.0,0.0,11.0,0.4,17.4,15.66,59.0,0.0,0.0,0.0,0.0,0.0,0.0,0.0,0.0
185,115,2024-09-13,21,0,9.0,7.35,0.0,0.0,0.0,11.0,0.4,17.4,15.66,59.0,0.0,0.0,0.0,0.0,0.0,0.0,0.0,0.0
186,116,2023-04-01,28,0,181.0,4.8,12.0,18.0,24.0,0.0,0.0,0.0,0.0,6.916,0.0,0.0,0.0,0.0,0.0,0.0,0.0,0.0
186,116,2024-04-23,28,0,181.0,4.8,12.0,18.0,24.0,0.0,0.0,0.0,0.0,16.916,0.0,0.0,0.0,0.0,0.0,0.0,0.0,0.0
187,35,2023-04-01,31,0,6.2,11.34,0.0,15.6,0.0,33.0,0.0,0.0,7.9,41.131,0.0,0.0,0.0,0.0,0.0,0.0,0.0,0.0
187,35,2023-05-22,31,0,6.2,11.34,0.0,15.6,0.0,33.0,0.0,0.0,12.5,50.151,0.0,0.0,0.0,0.0,0.0,0.0,0.0,0.0
187,35,2023-07-06,31,0,6.2,11.34,0.0,15.6,0.0,33.0,0.0,0.0,17.1,59.991,0.0,0.0,0.0,0.0,0.0,0.0,0.0,0.0
187,35,2023-08-01,31,0,6.2,11.34,0.0,15.6,0.0,33.0,0.0,0.0,21.7,71.471,0.0,0.0,0.0,0.0,0.0,0.0,0.0,0.0
187,35,2023-08-08,31,0,6.2,11.34,0.0,15.6,0.0,33.0,0.0,0.0,26.3,81.471,0.0,0.0,0.0,0.0,0.0,0.0,0.0,0.0
187,35,2023-11-10,31,0,6.2,11.34,0.0,15.6,0.0,44.0,0.0,0.0,26.3,81.471,0.0,0.0,0.0,0.0,0.0,0.0,0.0,0.0
187,35,2024-05-15,31,0,6.2,11.34,0.0,15.6,0.0,44.0,0.0,0.0,26.3,101.471,0.0,0.0,0.0,0.0,0.0,0.0,0.0,0.0
187,35,2024-05-16,31,0,6.2,11.34,0.0,15.6,0.0,44.0,0.0,0.0,35.3,116.261,0.0,0.0,0.0,0.0,0.0,0.0,0.0,0.0
187,35,2024-08-28,32,0,12.2,15.54,0.0,15.6,0.0,44.0,0.0,0.0,35.3,116.261,0.0,0.0,0.0,0.0,0.0,0.0,0.0,0.0
187,35,2024-12-03,32,0,12.2,15.54,0.0,15.6,0.0,44.0,0.0,0.0,46.3,128.261,0.0,0.0,0.0,0.0,0.0,0.0,0.0,0.0
188,87,2023-04-01,34,0,30.39,0.0,0.0,2.0,0.0,0.0,0.0,0.0,0.0,0.0,0.0,0.0,0.0,0.0,0.0,0.0,0.0,0.0
189,13,2023-04-01,49,4,41.0,0.0,0.0,4.0,21.0,0.0,0.0,0.0,0.0,0.0,0.0,0.144532,0.845887,0.0,0.0,0.777706,0.0,0.0
189,13,2023-06-20,49,4,41.0,0.0,0.0,4.0,21.0,0.0,0.0,0.0,0.0,0.0,0.0,0.144532,0.877777,0.0,0.0,0.777706,0.0,0.0
189,13,2023-12-01,49,4,41.0,0.0,0.0,4.0,21.0,0.0,0.0,0.0,0.0,0.0,0.0,0.144532,0.877777,0.0,0.0,0.477262,0.0,0.0
189,13,2024-01-01,49,4,41.0,0.0,0.0,4.0,21.0,0.0,0.0,0.0,0.0,0.0,0.0,0.148871,0.877777,0.0,0.0,0.477262,0.0,0.0
189,13,2024-01-03,49,4,41.0,0.0,0.0,4.0,21.0,0.0,0.0,0.0,0.0,0.0,0.0,0.148871,0.80781,0.0,0.0,0.477262,0.0,0.0
190,117,2023-04-01,16,0,56.8,28.04,0.0,0.0,0.0,99.0,0.0,0.0,35.47,93.744,0.0,0.0,0.0,0.0,0.0,0.0,0.0,0.0
190,117,2023-06-01,16,0,56.8,28.04,0.0,0.0,0.0,99.0,0.0,0.0,35.47,105.644,0.0,0.0,0.0,0.0,0.0,0.0,0.0,0.0
190,117,2023-10-05,16,0,56.8,28.04,0.0,0.0,0.0,121.0,0.0,0.0,35.47,105.644,0.0,0.0,0.0,0.0,0.0,0.0,0.0,0.0
190,117,2023-10-12,16,0,56.8,28.04,0.0,0.0,0.0,121.0,0.0,0.0,43.27,115.644,0.0,0.0,0.0,0.0,0.0,0.0,0.0,0.0
190,117,2024-06-10,16,0,56.8,28.04,0.0,0.0,0.0,121.0,0.0,0.0,53.27,124.644,0.0,0.0,0.0,0.0,0.0,0.0,0.0,0.0
191,118,2023-04-01,47,3,15.0,3.87,0.0,21.0,0.0,11.0,0.0,0.0,8.6,28.12,0.0,0.0,0.422237,0.0,0.260027,0.0,0.0,0.0
191,118,2023-06-21,47,3,15.0,3.87,0.0,21.0,0.0,11.0,0.0,0.0,18.6,38.12,0.0,0.0,0.422237,0.0,0.260027,0.0,0.0,0.0
191,118,2023-08-01,47,3,15.0,3.87,0.0,21.0,0.0,11.0,0.0,0.0,18.6,38.12,0.0,0.0,0.429693,0.0,0.260027,0.0,0.0,0.0
191,118,2023-08-16,47,3,15.0,3.87,0.0,21.0,0.0,11.0,0.0,0.0,18.6,38.12,0.0,0.0,0.509921,0.0,0.260027,0.0,0.0,0.0
191,118,2023-11-06,47,3,15.0,3.87,0.0,21.0,0.0,11.0,0.0,0.0,18.6,48.12,0.0,0.0,0.509921,0.0,0.260027,0.0,0.0,0.0
191,118,2024-03-14,47,3,15.0,3.87,0.0,21.0,0.0,11.0,0.0,0.0,18.6,48.12,0.0,0.0,0.509921,0.0,0.294591,0.0,0.0,0.0
191,118,2024-03-27,47,3,15.0,3.87,0.0,21.0,0.0,11.0,0.0,0.0,18.6,48.12,0.0,0.0,0.601543,0.0,0.294591,0.0,0.0,0.0
191,118,2024-04-30,47,3,15.0,3.87,0.0,21.0,0.0,22.0,0.0,0.0,18.6,48.12,0.0,0.0,0.601543,0.0,0.294591,0.0,0.0,0.0
191,118,2024-05-08,47,3,15.0,3.87,0.0,21.0,0.0,22.0,0.0,0.0,18.6,53.12,0.0,0.0,0.601543,0.0,0.294591,0.0,0.0,0.0
191,118,2024-05-15,47,3,15.0,3.87,0.0,21.0,0.0,22.0,0.0,0.0,18.6,57.62,0.0,0.0,0.601543,0.0,0.294591,0.0,0.0,0.0
191,118,2024-09-12,47,3,15.0,3.87,0.0,21.0,0.0,22.0,0.0,0.0,23.2,62.22,0.0,0.0,0.601543,0.0,0.294591,0.0,0.0,0.0
191,118,2024-09-20,47,3,15.0,3.87,0.0,21.0,0.0,22.0,0.0,0.0,32.8,72.22,0.0,0.0,0.601543,0.0,0.294591,0.0,0.0,0.0
191,118,2025-01-02,47,3,15.0,3.87,0.0,21.0,0.0,33.0,0.0,0.0,32.8,72.22,0.0,0.0,0.601543,0.0,0.294591,0.0,0.0,0.0
192,119,2023-04-01,9,9,0.0,0.0,0.0,0.0,0.0,22.0,0.5,3.4,4.6,46.654,0.0,0.940414,1.725774,0.0,0.0,0.517097,0.0,0.0
192,119,2023-05-04,9,9,0.0,0.0,0.0,0.0,0.0,22.0,0.5,3.4,4.6,46.654,0.0,0.944928,1.725774,0.0,0.0,0.517097,0.0,0.0
192,119,2023-05-09,9,9,0.0,0.0,0.0,0.0,0.0,22.0,0.5,3.4,4.6,46.654,0.0,0.944928,1.748884,0.0,0.0,0.517097,0.0,0.0
192,119,2023-05-11,9,9,0.0,0.0,0.0,0.0,0.0,22.0,0.5,3.4,4.6,46.654,0.0,0.937258,1.203732,0.0,0.0,0.517097,0.0,0.0
192,119,2023-05-15,9,9,0.0,0.0,0.0,0.0,0.0,22.0,0.5,3.4,4.6,46.654,0.0,0.924538,1.203732,0.0,0.0,0.517097,0.0,0.0
192,119,2023-05-17,9,9,0.0,0.0,0.0,0.0,0.0,22.0,0.5,3.4,4.6,46.654,0.0,0.860026,1.203732,0.0,0.0,0.517097,0.0,0.0
192,119,2023-05-23,9,9,0.0,0.0,0.0,0.0,0.0,22.0,0.5,3.4,4.6,46.654,0.0,0.881123,1.203732,0.0,0.0,0.517097,0.0,0.0
192,119,2023-05-26,9,9,0.0,0.0,0.0,0.0,0.0,22.0,0.5,3.4,4.6,46.654,0.0,0.881123,1.203732,0.0,0.0,0.518136,0.0,0.0
192,119,2023-07-03,9,9,0.0,0.0,0.0,0.0,0.0,22.0,0.5,3.4,4.6,66.654,0.0,0.881123,1.203732,0.0,0.0,0.518136,0.0,0.0
192,119,2023-08-01,9,9,0.0,0.0,0.0,0.0,0.0,22.0,0.5,3.4,4.6,66.654,0.0,0.881123,2.017087,0.0,0.0,0.518136,0.0,0.0
192,119,2023-12-11,9,9,0.0,0.0,0.0,0.0,0.0,22.0,0.5,3.4,4.6,84.514,0.0,0.881123,2.017087,0.0,0.0,0.518136,0.0,0.0
192,119,2024-03-09,9,9,0.0,0.0,0.0,0.0,0.0,22.0,0.5,3.4,4.6,84.514,0.0,0.871384,2.017087,0.0,0.0,0.518136,0.0,0.0
192,119,2024-03-21,9,9,0.0,0.0,0.0,0.0,0.0,22.0,0.5,3.4,18.4,84.514,0.0,0.871384,2.017087,0.0,0.0,0.518136,0.0,0.0
192,119,2024-05-01,9,9,0.0,0.0,0.0,0.0,0.0,22.0,0.5,3.4,18.4,84.514,0.0,0.871384,1.310817,0.0,0.0,0.518136,0.0,0.0
192,119,2024-05-05,9,9,0.0,0.0,0.0,0.0,0.0,22.0,0.5,3.4,18.4,84.514,0.0,0.656719,1.310817,0.0,0.0,0.518136,0.0,0.0
192,119,2024-05-15,9,9,0.0,0.0,0.0,0.0,0.0,22.0,0.5,3.4,18.4,94.234,0.0,0.656719,1.310817,0.0,0.0,0.518136,0.0,0.0
192,119,2024-06-01,9,9,0.0,0.0,0.0,0.0,0.0,22.0,0.5,3.4,18.4,94.234,0.0,0.656719,1.110944,0.0,0.0,0.518136,0.0,0.0
193,59,2023-04-01,33,0,106.0,6.9,0.0,20.0,0.0,22.0,0.0,0.0,11.1,20.848,0.0,0.0,0.0,0.0,0.0,0.0,0.0,0.0
193,59,2023-05-16,33,0,106.0,6.9,0.0,20.0,0.0,22.0,0.0,0.0,11.1,21.638,0.0,0.0,0.0,0.0,0.0,0.0,0.0,0.0
194,120,2023-04-01,16,4,5.0,4.0,79.9,18.8,24.0,33.0,1.0,22.0,10.5,99.352,0.0,0.0,0.359914,0.0,0.231699,0.0,0.0,0.093576
194,120,2023-07-21,16,4,5.0,4.0,79.9,18.8,24.0,33.0,1.0,22.0,10.5,99.352,0.0,0.0,0.359914,0.0,0.237224,0.0,0.0,0.093576
194,120,2023-07-22,16,4,5.0,4.0,79.9,18.8,24.0,33.0,1.0,22.0,10.5,99.352,0.0,0.0,0.361266,0.0,0.237224,0.0,0.0,0.093576
194,120,2023-07-23,16,4,5.0,4.0,79.9,18.8,24.0,33.0,1.0,22.0,10.5,99.352,0.0,0.0,0.361266,0.0,0.237224,0.0,0.0,0.12381
194,120,2024-01-01,16,4,5.0,4.0,79.9,18.8,24.0,33.0,1.0,22.0,10.5,99.352,0.0,0.0,0.366842,0.0,0.237224,0.0,0.0,0.12381
195,121,2023-04-01,61,4,0.0,0.0,0.0,0.0,0.0,44.0,0.0,0.0,0.0,0.0,0.0,0.311119,5.497464,0.0,0.0,0.0,0.0,0.0
195,121,2023-05-01,61,4,0.0,0.0,0.0,0.0,0.0,44.0,0.0,0.0,0.0,0.0,0.0,0.311119,5.980892,0.0,0.0,0.0,0.0,0.0
195,121,2023-06-01,61,4,0.0,0.0,0.0,0.0,0.0,44.0,0.0,0.0,0.0,0.0,0.0,0.311119,6.262881,0.0,0.0,0.0,0.0,0.0
195,121,2023-07-01,61,4,0.0,0.0,0.0,0.0,0.0,44.0,0.0,0.0,0.0,0.0,0.0,0.311119,6.521752,0.0,0.0,0.0,0.0,0.0
195,121,2023-08-01,61,4,0.0,0.0,0.0,0.0,0.0,44.0,0.0,0.0,0.0,0.0,0.0,0.311119,6.463284,0.0,0.0,0.0,0.0,0.0
195,121,2023-09-01,61,4,0.0,0.0,0.0,0.0,0.0,44.0,0.0,0.0,0.0,0.0,0.0,0.311119,5.887048,0.0,0.0,0.0,0.0,0.0
195,121,2023-10-01,61,4,0.0,0.0,0.0,0.0,0.0,44.0,0.0,0.0,0.0,0.0,0.0,0.311119,5.245408,0.0,0.0,0.0,0.0,0.0
195,121,2023-11-01,61,4,0.0,0.0,0.0,0.0,0.0,44.0,0.0,0.0,0.0,0.0,0.0,0.311119,5.381353,0.0,0.0,0.0,0.0,0.0
195,121,2023-12-01,61,4,0.0,0.0,0.0,0.0,0.0,44.0,0.0,0.0,0.0,0.0,0.0,0.311119,4.269467,0.0,0.0,0.0,0.0,0.0
195,121,2023-12-15,61,4,0.0,0.0,0.0,0.0,0.0,44.0,0.0,0.0,0.0,0.0,0.0,0.264793,3.273398,0.0,0.0,0.0,0.0,0.0
195,121,2024-01-01,61,4,0.0,0.0,0.0,0.0,0.0,44.0,0.0,0.0,0.0,0.0,0.0,0.264793,2.754043,0.0,0.0,0.0,0.0,0.0
195,121,2024-02-01,61,4,0.0,0.0,0.0,0.0,0.0,44.0,0.0,0.0,0.0,0.0,0.0,0.264793,3.532042,0.0,0.0,0.0,0.0,0.0
195,121,2024-03-01,61,4,0.0,0.0,0.0,0.0,0.0,44.0,0.0,0.0,0.0,0.0,0.0,0.264793,2.463317,0.0,0.0,0.0,0.0,0.0
195,121,2024-04-01,61,4,0.0,0.0,0.0,0.0,0.0,44.0,0.0,0.0,0.0,0.0,0.0,0.264793,0.759034,0.0,0.0,0.0,0.0,0.0
195,121,2024-05-01,61,4,0.0,0.0,0.0,0.0,0.0,44.0,0.0,0.0,0.0,0.0,0.0,0.264793,0.676489,0.0,0.0,0.0,0.0,0.0
195,121,2024-06-01,61,4,0.0,0.0,0.0,0.0,0.0,44.0,0.0,0.0,0.0,0.0,0.0,0.234501,0.595696,0.0,0.0,0.0,0.0,0.0
195,121,2024-06-05,61,4,0.0,0.0,0.0,0.0,0.0,55.0,0.0,0.0,0.0,0.0,0.0,0.234501,0.595696,0.0,0.0,0.0,0.0,0.0
195,121,2024-07-01,61,4,0.0,0.0,0.0,0.0,0.0,55.0,0.0,0.0,0.0,0.0,0.0,0.234501,0.529653,0.0,0.0,0.0,0.0,0.0
195,121,2024-08-01,61,4,0.0,0.0,0.0,0.0,0.0,55.0,0.0,0.0,0.0,0.0,0.0,0.234501,0.302905,0.0,0.0,0.0,0.0,0.0
195,121,2024-09-01,61,4,0.0,0.0,0.0,0.0,0.0,55.0,0.0,0.0,0.0,0.0,0.0,0.234501,0.302502,0.0,0.0,0.0,0.0,0.0
196,113,2023-04-01,60,3,154.1,0.0,0.0,25.0,117.0,0.0,0.0,0.0,2.5,16.42,0.0,0.0,0.027738,0.0,0.0,0.020429,0.0,0.0
196,113,2023-06-17,60,3,154.1,0.0,0.0,25.0,117.0,0.0,0.0,0.0,2.5,16.42,0.0,0.0,0.01853,0.0,0.0,0.020429,0.0,0.0
196,113,2023-06-19,60,3,154.1,0.0,0.0,25.0,117.0,0.0,0.0,0.0,2.5,16.42,0.0,0.0,0.01853,0.0,0.0,0.014305,0.0,0.0
196,113,2023-07-10,60,3,154.1,0.0,0.0,25.0,117.0,0.0,0.0,0.0,5.0,25.33,0.0,0.0,0.01853,0.0,0.0,0.014305,0.0,0.0
196,113,2023-11-06,60,3,154.1,0.0,0.0,25.0,117.0,11.0,0.0,0.0,5.0,25.33,0.0,0.0,0.01853,0.0,0.0,0.014305,0.0,0.0
196,113,2023-11-09,60,3,154.1,0.0,0.0,25.0,117.0,11.0,0.0,0.0,12.0,33.33,0.0,0.0,0.01853,0.0,0.0,0.014305,0.0,0.0
196,113,2024-04-11,60,3,154.1,0.0,0.0,25.0,117.0,11.0,0.0,0.0,12.58,36.03,0.0,0.0,0.01853,0.0,0.0,0.014305,0.0,0.0
196,113,2025-03-10,60,3,154.1,0.0,0.0,25.0,117.0,11.0,0.0,0.0,17.79,36.03,0.0,0.0,0.01853,0.0,0.0,0.014305,0.0,0.0
196,113,2025-03-18,60,3,154.1,0.0,0.0,25.0,117.0,11.0,0.0,0.0,24.79,36.03,0.0,0.0,0.01853,0.0,0.0,0.014305,0.0,0.0
197,61,2023-04-01,29,8,39.0,5.2,9.0,1.0,42.0,0.0,0.0,0.0,0.0,25.469,0.0,0.123315,2.718831,0.0,8.464834,1.93713,0.0,0.0
197,61,2023-05-01,29,8,39.0,5.2,9.0,1.0,42.0,0.0,0.0,0.0,0.0,25.469,0.0,0.123315,2.718831,0.0,6.485605,1.93713,0.0,0.0
197,61,2023-06-01,29,8,39.0,5.2,9.0,1.0,42.0,0.0,0.0,0.0,0.0,25.469,0.0,0.123315,2.718831,0.0,4.879418,1.93713,0.0,0.0
197,61,2023-07-01,29,8,39.0,5.2,9.0,1.0,42.0,0.0,0.0,0.0,0.0,25.469,0.0,0.123315,2.718831,0.0,4.937621,1.617325,0.0,0.0
197,61,2023-07-20,29,8,39.0,5.2,9.0,1.0,42.0,0.0,0.0,0.0,0.0,25.469,0.0,0.123315,2.718831,0.0,4.937621,2.264783,0.0,0.0
197,61,2023-08-01,29,8,39.0,5.2,9.0,1.0,42.0,0.0,0.0,0.0,0.0,25.469,0.0,0.123315,2.718831,0.0,5.091385,2.264783,0.0,0.0
197,61,2023-09-01,29,8,39.0,5.2,9.0,1.0,42.0,0.0,0.0,0.0,0.0,25.469,0.0,0.123315,2.718831,0.0,5.257196,2.264783,0.0,0.0
197,61,2023-10-01,29,8,39.0,5.2,9.0,1.0,42.0,0.0,0.0,0.0,0.0,25.469,0.0,0.123315,2.718831,0.0,7.132917,1.71477,0.0,0.0
197,61,2023-11-01,29,8,39.0,5.2,9.0,1.0,42.0,0.0,0.0,0.0,0.0,25.469,0.0,0.123315,2.718831,0.0,9.638307,1.71477,0.0,0.0
197,61,2023-12-01,29,8,39.0,5.2,9.0,1.0,42.0,0.0,0.0,0.0,0.0,25.469,0.0,0.123315,2.718831,0.0,9.879691,1.71477,0.0,0.0
197,61,2024-01-01,29,8,39.0,5.2,9.0,1.0,42.0,0.0,0.0,0.0,0.0,25.469,0.0,0.123315,2.718831,0.0,10.595072,1.71477,0.0,0.0
197,61,2024-01-05,29,8,39.0,5.2,9.0,1.0,42.0,0.0,0.0,0.0,0.0,25.469,0.0,0.123315,2.714519,0.0,10.595072,1.71477,0.0,0.0
197,61,2024-01-06,29,8,39.0,5.2,9.0,1.0,42.0,0.0,0.0,0.0,0.0,25.469,0.0,0.13282,2.715839,0.0,10.595072,1.71477,0.0,0.0
197,61,2024-02-01,29,8,39.0,5.2,9.0,1.0,42.0,0.0,0.0,0.0,0.0,25.469,0.0,0.13282,2.780699,0.0,9.502395,1.768101,0.0,0.0
197,61,2024-03-01,29,8,39.0,5.2,9.0,1.0,42.0,0.0,0.0,0.0,0.0,25.469,0.0,0.13282,2.780699,0.0,8.990905,1.768101,0.0,0.0
197,61,2024-04-01,29,8,39.0,5.2,9.0,1.0,42.0,0.0,0.0,0.0,0.0,25.469,0.0,0.13282,2.780699,0.0,7.976112,1.768101,0.0,0.0
197,61,2024-05-01,29,8,39.0,5.2,9.0,1.0,42.0,0.0,0.0,0.0,0.0,25.469,0.0,0.13282,2.780699,0.0,5.857707,1.768101,0.0,0.0
197,61,2024-06-01,29,8,39.0,5.2,9.0,1.0,42.0,0.0,0.0,0.0,0.0,25.469,0.0,0.13282,2.780699,0.0,5.447362,1.768101,0.0,0.0
197,61,2024-07-01,29,8,39.0,5.2,9.0,1.0,42.0,0.0,0.0,0.0,0.0,25.469,0.0,0.13282,2.780699,0.0,5.251255,1.768101,0.0,0.0
197,61,2024-08-01,29,8,39.0,5.2,9.0,1.0,42.0,0.0,0.0,0.0,0.0,25.469,0.0,0.13282,2.780699,0.0,5.166578,1.768101,0.0,0.0
197,61,2024-09-01,29,8,39.0,5.2,9.0,1.0,42.0,0.0,0.0,0.0,0.0,25.469,0.0,0.13282,2.780699,0.0,6.454028,1.768101,0.0,0.0
197,61,2024-10-01,29,8,39.0,5.2,9.0,1.0,42.0,0.0,0.0,0.0,0.0,25.469,0.0,0.13282,2.780699,0.0,7.521013,1.768101,0.0,0.0
197,61,2024-11-01,29,8,39.0,5.2,9.0,1.0,42.0,0.0,0.0,0.0,0.0,25.469,0.0,0.13282,2.780699,0.0,10.227084,1.768101,0.0,0.0
197,61,2024-12-01,29,8,39.0,5.2,9.0,1.0,42.0,0.0,0.0,0.0,0.0,25.469,0.0,0.13282,2.780699,0.0,11.242518,1.768101,0.0,0.0
197,61,2025-01-01,29,8,39.0,5.2,9.0,1.0,42.0,0.0,0.0,0.0,0.0,25.469,0.0,0.13282,2.873324,0.0,11.206228,1.768101,0.0,0.0
197,61,2025-02-01,29,8,39.0,5.2,9.0,1.0,42.0,0.0,0.0,0.0,0.0,25.469,0.0,0.13282,2.873324,0.0,11.295735,1.768101,0.0,0.0
197,61,2025-03-01,29,8,39.0,5.2,9.0,1.0,42.0,0.0,0.0,0.0,0.0,25.469,0.0,0.13282,2.873324,0.0,9.760395,1.768101,0.0,0.0
198,98,2023-04-01,17,0,70.6,0.0,10.05,0.0,0.0,11.0,0.0,0.0,0.0,41.248,0.0,0.0,0.0,0.0,0.0,0.0,0.0,0.0
198,98,2024-01-01,17,0,70.6,0.0,10.05,0.0,0.0,11.0,0.0,0.0,0.0,41.848,0.0,0.0,0.0,0.0,0.0,0.0,0.0,0.0
198,98,2024-01-09,17,0,70.6,0.0,10.05,0.0,0.0,11.0,0.0,0.0,4.6,55.958,0.0,0.0,0.0,0.0,0.0,0.0,0.0,0.0
199,23,2023-04-01,71,2,44.0,0.0,0.0,9.0,0.0,11.0,0.0,0.0,0.0,5.236,0.0,0.0,0.0,0.0,0.0,0.345552,0.0,0.010923
199,23,2024-02-19,71,2,44.0,0.0,0.0,9.0,0.0,11.0,0.0,0.0,0.0,5.236,0.0,0.0,0.0,0.0,0.0,0.390158,0.0,0.010923
199,23,2024-03-13,71,2,44.0,0.0,0.0,9.0,0.0,11.0,0.0,0.0,0.0,5.236,0.0,0.0,0.0,0.0,0.0,0.390158,0.0,0.026826
199,23,2024-04-20,71,2,44.0,0.0,0.0,9.0,0.0,11.0,0.0,0.0,4.5,13.236,0.0,0.0,0.0,0.0,0.0,0.390158,0.0,0.026826
200,10,2023-04-01,59,0,76.0,0.0,0.0,29.0,0.0,11.0,0.0,0.0,0.0,0.0,0.0,0.0,0.0,0.0,0.0,0.0,0.0,0.0
200,10,2024-12-06,59,0,76.0,8.0,0.0,29.0,0.0,11.0,0.0,0.0,0.0,0.0,0.0,0.0,0.0,0.0,0.0,0.0,0.0,0.0
